,test_id,kcid,lmc_prior_code,lengthscale_prior_code,kernel_structure,n_kernels,active_dims,additive,independent_outputs
0,0,0,2,1,"['SE_1^(0) + SE_2^(0) + SE_3^(0) + SE_4^(0) + SE_5^(0) + SE_6^(0)', 'SE_7^(1) + SE_8^(1) + SE_9^(1) + SE_10^(1) + SE_11^(1) + SE_12^(1)', 'SE_13^(2) + SE_14^(2) + SE_15^(2) + SE_16^(2) + SE_17^(2) + SE_18^(2)', 'SE_19^(3) + SE_20^(3) + SE_21^(3) + SE_22^(3) + SE_23^(3) + SE_24^(3)']",6,,True,False
0,3,0,2,1,['SE_1^(0) + SE_2^(0) + SE_3^(0) + SE_4^(0) + SE_5^(0) + SE_6^(0)'],6,,False,False
0,0,0,2,1,"['SE_1^(0) + SE_2^(0) + SE_3^(0) + SE_4^(0) + SE_5^(0) + SE_6^(0)', 'SE_7^(1) + SE_8^(1) + SE_9^(1) + SE_10^(1) + SE_11^(1) + SE_12^(1)', 'SE_13^(2) + SE_14^(2) + SE_15^(2) + SE_16^(2) + SE_17^(2) + SE_18^(2)', 'SE_19^(3) + SE_20^(3) + SE_21^(3) + SE_22^(3) + SE_23^(3) + SE_24^(3)']",6,,True,False
0,3,0,2,1,['SE_1^(0) + SE_2^(0) + SE_3^(0) + SE_4^(0) + SE_5^(0) + SE_6^(0)'],6,,False,False
0,0,0,2,1,"['SE_1^(0) + SE_2^(0) + SE_3^(0) + SE_4^(0) + SE_5^(0) + SE_6^(0)', 'SE_7^(1) + SE_8^(1) + SE_9^(1) + SE_10^(1) + SE_11^(1) + SE_12^(1)', 'SE_13^(2) + SE_14^(2) + SE_15^(2) + SE_16^(2) + SE_17^(2) + SE_18^(2)', 'SE_19^(3) + SE_20^(3) + SE_21^(3) + SE_22^(3) + SE_23^(3) + SE_24^(3)']",6,,True,False
0,3,0,2,1,['SE_1^(0) + SE_2^(0) + SE_3^(0) + SE_4^(0) + SE_5^(0) + SE_6^(0)'],6,,False,False
0,0,0,2,1,"['SE_1^(0) + SE_2^(0) + SE_3^(0) + SE_4^(0) + SE_5^(0) + SE_6^(0)', 'SE_7^(1) + SE_8^(1) + SE_9^(1) + SE_10^(1) + SE_11^(1) + SE_12^(1)', 'SE_13^(2) + SE_14^(2) + SE_15^(2) + SE_16^(2) + SE_17^(2) + SE_18^(2)', 'SE_19^(3) + SE_20^(3) + SE_21^(3) + SE_22^(3) + SE_23^(3) + SE_24^(3)']",6,,True,False
0,3,0,2,1,['SE_1^(0) + SE_2^(0) + SE_3^(0) + SE_4^(0) + SE_5^(0) + SE_6^(0)'],6,,False,False
0,0,0,2,1,"['SE_1^(0) + SE_2^(0) + SE_3^(0) + SE_4^(0) + SE_5^(0) + SE_6^(0)', 'SE_7^(1) + SE_8^(1) + SE_9^(1) + SE_10^(1) + SE_11^(1) + SE_12^(1)', 'SE_13^(2) + SE_14^(2) + SE_15^(2) + SE_16^(2) + SE_17^(2) + SE_18^(2)', 'SE_19^(3) + SE_20^(3) + SE_21^(3) + SE_22^(3) + SE_23^(3) + SE_24^(3)']",6,,True,False
0,3,0,2,1,['SE_1^(0) + SE_2^(0) + SE_3^(0) + SE_4^(0) + SE_5^(0) + SE_6^(0)'],6,,False,False
0,0,0,2,1,"['SE_1^(0) + SE_2^(0) + SE_3^(0) + SE_4^(0) + SE_5^(0) + SE_6^(0)', 'SE_7^(1) + SE_8^(1) + SE_9^(1) + SE_10^(1) + SE_11^(1) + SE_12^(1)', 'SE_13^(2) + SE_14^(2) + SE_15^(2) + SE_16^(2) + SE_17^(2) + SE_18^(2)', 'SE_19^(3) + SE_20^(3) + SE_21^(3) + SE_22^(3) + SE_23^(3) + SE_24^(3)']",6,,True,False
0,3,0,2,1,['SE_1^(0) + SE_2^(0) + SE_3^(0) + SE_4^(0) + SE_5^(0) + SE_6^(0)'],6,,False,False
0,0,0,2,1,"['SE_1^(0) + SE_2^(0) + SE_3^(0) + SE_4^(0) + SE_5^(0) + SE_6^(0)', 'SE_7^(1) + SE_8^(1) + SE_9^(1) + SE_10^(1) + SE_11^(1) + SE_12^(1)', 'SE_13^(2) + SE_14^(2) + SE_15^(2) + SE_16^(2) + SE_17^(2) + SE_18^(2)', 'SE_19^(3) + SE_20^(3) + SE_21^(3) + SE_22^(3) + SE_23^(3) + SE_24^(3)']",6,,True,False
0,3,0,2,1,['SE_1^(0) + SE_2^(0) + SE_3^(0) + SE_4^(0) + SE_5^(0) + SE_6^(0)'],6,,False,False
0,0,0,2,1,"['SE_1^(0) + SE_2^(0) + SE_3^(0) + SE_4^(0) + SE_5^(0) + SE_6^(0)', 'SE_7^(1) + SE_8^(1) + SE_9^(1) + SE_10^(1) + SE_11^(1) + SE_12^(1)', 'SE_13^(2) + SE_14^(2) + SE_15^(2) + SE_16^(2) + SE_17^(2) + SE_18^(2)', 'SE_19^(3) + SE_20^(3) + SE_21^(3) + SE_22^(3) + SE_23^(3) + SE_24^(3)']",6,,True,False
0,3,0,2,1,['SE_1^(0) + SE_2^(0) + SE_3^(0) + SE_4^(0) + SE_5^(0) + SE_6^(0)'],6,,False,False
0,0,0,2,1,"['SE_1^(0) + SE_2^(0) + SE_3^(0) + SE_4^(0) + SE_5^(0) + SE_6^(0)', 'SE_7^(1) + SE_8^(1) + SE_9^(1) + SE_10^(1) + SE_11^(1) + SE_12^(1)', 'SE_13^(2) + SE_14^(2) + SE_15^(2) + SE_16^(2) + SE_17^(2) + SE_18^(2)', 'SE_19^(3) + SE_20^(3) + SE_21^(3) + SE_22^(3) + SE_23^(3) + SE_24^(3)']",6,,True,False
0,3,0,2,1,['SE_1^(0) + SE_2^(0) + SE_3^(0) + SE_4^(0) + SE_5^(0) + SE_6^(0)'],6,,False,False
0,0,0,2,1,"['SE_1^(0) + SE_2^(0) + SE_3^(0) + SE_4^(0) + SE_5^(0) + SE_6^(0)', 'SE_7^(1) + SE_8^(1) + SE_9^(1) + SE_10^(1) + SE_11^(1) + SE_12^(1)', 'SE_13^(2) + SE_14^(2) + SE_15^(2) + SE_16^(2) + SE_17^(2) + SE_18^(2)', 'SE_19^(3) + SE_20^(3) + SE_21^(3) + SE_22^(3) + SE_23^(3) + SE_24^(3)']",6,,True,False
0,3,0,2,1,['SE_1^(0) + SE_2^(0) + SE_3^(0) + SE_4^(0) + SE_5^(0) + SE_6^(0)'],6,,False,False
0,0,1,2,1,"['SE_1^(0) + PPoly2_1^(0) + SE_2^(0) + PPoly2_2^(0) + SE_3^(0) + PPoly2_3^(0)', 'SE_4^(1) + PPoly2_4^(1) + SE_5^(1) + PPoly2_5^(1) + SE_6^(1) + PPoly2_6^(1)', 'SE_7^(2) + PPoly2_7^(2) + SE_8^(2) + PPoly2_8^(2) + SE_9^(2) + PPoly2_9^(2)', 'SE_10^(3) + PPoly2_10^(3) + SE_11^(3) + PPoly2_11^(3) + SE_12^(3) + PPoly2_12^(3)']",6,,True,False
0,3,1,2,1,['SE_1^(0) + PPoly2_1^(0) + SE_2^(0) + PPoly2_2^(0) + SE_3^(0) + PPoly2_3^(0)'],6,,False,False
0,0,1,2,1,"['SE_1^(0) + PPoly2_1^(0) + SE_2^(0) + PPoly2_2^(0) + SE_3^(0) + PPoly2_3^(0)', 'SE_4^(1) + PPoly2_4^(1) + SE_5^(1) + PPoly2_5^(1) + SE_6^(1) + PPoly2_6^(1)', 'SE_7^(2) + PPoly2_7^(2) + SE_8^(2) + PPoly2_8^(2) + SE_9^(2) + PPoly2_9^(2)', 'SE_10^(3) + PPoly2_10^(3) + SE_11^(3) + PPoly2_11^(3) + SE_12^(3) + PPoly2_12^(3)']",6,,True,False
0,3,1,2,1,['SE_1^(0) + PPoly2_1^(0) + SE_2^(0) + PPoly2_2^(0) + SE_3^(0) + PPoly2_3^(0)'],6,,False,False
0,0,1,2,1,"['SE_1^(0) + PPoly2_1^(0) + SE_2^(0) + PPoly2_2^(0) + SE_3^(0) + PPoly2_3^(0)', 'SE_4^(1) + PPoly2_4^(1) + SE_5^(1) + PPoly2_5^(1) + SE_6^(1) + PPoly2_6^(1)', 'SE_7^(2) + PPoly2_7^(2) + SE_8^(2) + PPoly2_8^(2) + SE_9^(2) + PPoly2_9^(2)', 'SE_10^(3) + PPoly2_10^(3) + SE_11^(3) + PPoly2_11^(3) + SE_12^(3) + PPoly2_12^(3)']",6,,True,False
0,3,1,2,1,['SE_1^(0) + PPoly2_1^(0) + SE_2^(0) + PPoly2_2^(0) + SE_3^(0) + PPoly2_3^(0)'],6,,False,False
0,0,1,2,1,"['SE_1^(0) + PPoly2_1^(0) + SE_2^(0) + PPoly2_2^(0) + SE_3^(0) + PPoly2_3^(0)', 'SE_4^(1) + PPoly2_4^(1) + SE_5^(1) + PPoly2_5^(1) + SE_6^(1) + PPoly2_6^(1)', 'SE_7^(2) + PPoly2_7^(2) + SE_8^(2) + PPoly2_8^(2) + SE_9^(2) + PPoly2_9^(2)', 'SE_10^(3) + PPoly2_10^(3) + SE_11^(3) + PPoly2_11^(3) + SE_12^(3) + PPoly2_12^(3)']",6,,True,False
0,3,1,2,1,['SE_1^(0) + PPoly2_1^(0) + SE_2^(0) + PPoly2_2^(0) + SE_3^(0) + PPoly2_3^(0)'],6,,False,False
0,0,1,2,1,"['SE_1^(0) + PPoly2_1^(0) + SE_2^(0) + PPoly2_2^(0) + SE_3^(0) + PPoly2_3^(0)', 'SE_4^(1) + PPoly2_4^(1) + SE_5^(1) + PPoly2_5^(1) + SE_6^(1) + PPoly2_6^(1)', 'SE_7^(2) + PPoly2_7^(2) + SE_8^(2) + PPoly2_8^(2) + SE_9^(2) + PPoly2_9^(2)', 'SE_10^(3) + PPoly2_10^(3) + SE_11^(3) + PPoly2_11^(3) + SE_12^(3) + PPoly2_12^(3)']",6,,True,False
0,3,1,2,1,['SE_1^(0) + PPoly2_1^(0) + SE_2^(0) + PPoly2_2^(0) + SE_3^(0) + PPoly2_3^(0)'],6,,False,False
0,0,1,2,1,"['SE_1^(0) + PPoly2_1^(0) + SE_2^(0) + PPoly2_2^(0) + SE_3^(0) + PPoly2_3^(0)', 'SE_4^(1) + PPoly2_4^(1) + SE_5^(1) + PPoly2_5^(1) + SE_6^(1) + PPoly2_6^(1)', 'SE_7^(2) + PPoly2_7^(2) + SE_8^(2) + PPoly2_8^(2) + SE_9^(2) + PPoly2_9^(2)', 'SE_10^(3) + PPoly2_10^(3) + SE_11^(3) + PPoly2_11^(3) + SE_12^(3) + PPoly2_12^(3)']",6,,True,False
0,3,1,2,1,['SE_1^(0) + PPoly2_1^(0) + SE_2^(0) + PPoly2_2^(0) + SE_3^(0) + PPoly2_3^(0)'],6,,False,False
0,0,1,2,1,"['SE_1^(0) + PPoly2_1^(0) + SE_2^(0) + PPoly2_2^(0) + SE_3^(0) + PPoly2_3^(0)', 'SE_4^(1) + PPoly2_4^(1) + SE_5^(1) + PPoly2_5^(1) + SE_6^(1) + PPoly2_6^(1)', 'SE_7^(2) + PPoly2_7^(2) + SE_8^(2) + PPoly2_8^(2) + SE_9^(2) + PPoly2_9^(2)', 'SE_10^(3) + PPoly2_10^(3) + SE_11^(3) + PPoly2_11^(3) + SE_12^(3) + PPoly2_12^(3)']",6,,True,False
0,3,1,2,1,['SE_1^(0) + PPoly2_1^(0) + SE_2^(0) + PPoly2_2^(0) + SE_3^(0) + PPoly2_3^(0)'],6,,False,False
0,0,1,2,1,"['SE_1^(0) + PPoly2_1^(0) + SE_2^(0) + PPoly2_2^(0) + SE_3^(0) + PPoly2_3^(0)', 'SE_4^(1) + PPoly2_4^(1) + SE_5^(1) + PPoly2_5^(1) + SE_6^(1) + PPoly2_6^(1)', 'SE_7^(2) + PPoly2_7^(2) + SE_8^(2) + PPoly2_8^(2) + SE_9^(2) + PPoly2_9^(2)', 'SE_10^(3) + PPoly2_10^(3) + SE_11^(3) + PPoly2_11^(3) + SE_12^(3) + PPoly2_12^(3)']",6,,True,False
0,3,1,2,1,['SE_1^(0) + PPoly2_1^(0) + SE_2^(0) + PPoly2_2^(0) + SE_3^(0) + PPoly2_3^(0)'],6,,False,False
0,0,1,2,1,"['SE_1^(0) + PPoly2_1^(0) + SE_2^(0) + PPoly2_2^(0) + SE_3^(0) + PPoly2_3^(0)', 'SE_4^(1) + PPoly2_4^(1) + SE_5^(1) + PPoly2_5^(1) + SE_6^(1) + PPoly2_6^(1)', 'SE_7^(2) + PPoly2_7^(2) + SE_8^(2) + PPoly2_8^(2) + SE_9^(2) + PPoly2_9^(2)', 'SE_10^(3) + PPoly2_10^(3) + SE_11^(3) + PPoly2_11^(3) + SE_12^(3) + PPoly2_12^(3)']",6,,True,False
0,3,1,2,1,['SE_1^(0) + PPoly2_1^(0) + SE_2^(0) + PPoly2_2^(0) + SE_3^(0) + PPoly2_3^(0)'],6,,False,False
0,0,1,2,1,"['SE_1^(0) + PPoly2_1^(0) + SE_2^(0) + PPoly2_2^(0) + SE_3^(0) + PPoly2_3^(0)', 'SE_4^(1) + PPoly2_4^(1) + SE_5^(1) + PPoly2_5^(1) + SE_6^(1) + PPoly2_6^(1)', 'SE_7^(2) + PPoly2_7^(2) + SE_8^(2) + PPoly2_8^(2) + SE_9^(2) + PPoly2_9^(2)', 'SE_10^(3) + PPoly2_10^(3) + SE_11^(3) + PPoly2_11^(3) + SE_12^(3) + PPoly2_12^(3)']",6,,True,False
0,3,1,2,1,['SE_1^(0) + PPoly2_1^(0) + SE_2^(0) + PPoly2_2^(0) + SE_3^(0) + PPoly2_3^(0)'],6,,False,False
0,0,2,2,1,"['PPoly2_1^(0) + PPoly2_2^(0) + PPoly2_3^(0) + PPoly2_4^(0) + PPoly2_5^(0) + PPoly2_6^(0)', 'PPoly2_7^(1) + PPoly2_8^(1) + PPoly2_9^(1) + PPoly2_10^(1) + PPoly2_11^(1) + PPoly2_12^(1)', 'PPoly2_13^(2) + PPoly2_14^(2) + PPoly2_15^(2) + PPoly2_16^(2) + PPoly2_17^(2) + PPoly2_18^(2)', 'PPoly2_19^(3) + PPoly2_20^(3) + PPoly2_21^(3) + PPoly2_22^(3) + PPoly2_23^(3) + PPoly2_24^(3)']",6,,True,False
0,3,2,2,1,['PPoly2_1^(0) + PPoly2_2^(0) + PPoly2_3^(0) + PPoly2_4^(0) + PPoly2_5^(0) + PPoly2_6^(0)'],6,,False,False
0,0,2,2,1,"['PPoly2_1^(0) + PPoly2_2^(0) + PPoly2_3^(0) + PPoly2_4^(0) + PPoly2_5^(0) + PPoly2_6^(0)', 'PPoly2_7^(1) + PPoly2_8^(1) + PPoly2_9^(1) + PPoly2_10^(1) + PPoly2_11^(1) + PPoly2_12^(1)', 'PPoly2_13^(2) + PPoly2_14^(2) + PPoly2_15^(2) + PPoly2_16^(2) + PPoly2_17^(2) + PPoly2_18^(2)', 'PPoly2_19^(3) + PPoly2_20^(3) + PPoly2_21^(3) + PPoly2_22^(3) + PPoly2_23^(3) + PPoly2_24^(3)']",6,,True,False
0,3,2,2,1,['PPoly2_1^(0) + PPoly2_2^(0) + PPoly2_3^(0) + PPoly2_4^(0) + PPoly2_5^(0) + PPoly2_6^(0)'],6,,False,False
0,0,2,2,1,"['PPoly2_1^(0) + PPoly2_2^(0) + PPoly2_3^(0) + PPoly2_4^(0) + PPoly2_5^(0) + PPoly2_6^(0)', 'PPoly2_7^(1) + PPoly2_8^(1) + PPoly2_9^(1) + PPoly2_10^(1) + PPoly2_11^(1) + PPoly2_12^(1)', 'PPoly2_13^(2) + PPoly2_14^(2) + PPoly2_15^(2) + PPoly2_16^(2) + PPoly2_17^(2) + PPoly2_18^(2)', 'PPoly2_19^(3) + PPoly2_20^(3) + PPoly2_21^(3) + PPoly2_22^(3) + PPoly2_23^(3) + PPoly2_24^(3)']",6,,True,False
0,3,2,2,1,['PPoly2_1^(0) + PPoly2_2^(0) + PPoly2_3^(0) + PPoly2_4^(0) + PPoly2_5^(0) + PPoly2_6^(0)'],6,,False,False
0,0,2,2,1,"['PPoly2_1^(0) + PPoly2_2^(0) + PPoly2_3^(0) + PPoly2_4^(0) + PPoly2_5^(0) + PPoly2_6^(0)', 'PPoly2_7^(1) + PPoly2_8^(1) + PPoly2_9^(1) + PPoly2_10^(1) + PPoly2_11^(1) + PPoly2_12^(1)', 'PPoly2_13^(2) + PPoly2_14^(2) + PPoly2_15^(2) + PPoly2_16^(2) + PPoly2_17^(2) + PPoly2_18^(2)', 'PPoly2_19^(3) + PPoly2_20^(3) + PPoly2_21^(3) + PPoly2_22^(3) + PPoly2_23^(3) + PPoly2_24^(3)']",6,,True,False
0,3,2,2,1,['PPoly2_1^(0) + PPoly2_2^(0) + PPoly2_3^(0) + PPoly2_4^(0) + PPoly2_5^(0) + PPoly2_6^(0)'],6,,False,False
0,0,2,2,1,"['PPoly2_1^(0) + PPoly2_2^(0) + PPoly2_3^(0) + PPoly2_4^(0) + PPoly2_5^(0) + PPoly2_6^(0)', 'PPoly2_7^(1) + PPoly2_8^(1) + PPoly2_9^(1) + PPoly2_10^(1) + PPoly2_11^(1) + PPoly2_12^(1)', 'PPoly2_13^(2) + PPoly2_14^(2) + PPoly2_15^(2) + PPoly2_16^(2) + PPoly2_17^(2) + PPoly2_18^(2)', 'PPoly2_19^(3) + PPoly2_20^(3) + PPoly2_21^(3) + PPoly2_22^(3) + PPoly2_23^(3) + PPoly2_24^(3)']",6,,True,False
0,3,2,2,1,['PPoly2_1^(0) + PPoly2_2^(0) + PPoly2_3^(0) + PPoly2_4^(0) + PPoly2_5^(0) + PPoly2_6^(0)'],6,,False,False
0,0,2,2,1,"['PPoly2_1^(0) + PPoly2_2^(0) + PPoly2_3^(0) + PPoly2_4^(0) + PPoly2_5^(0) + PPoly2_6^(0)', 'PPoly2_7^(1) + PPoly2_8^(1) + PPoly2_9^(1) + PPoly2_10^(1) + PPoly2_11^(1) + PPoly2_12^(1)', 'PPoly2_13^(2) + PPoly2_14^(2) + PPoly2_15^(2) + PPoly2_16^(2) + PPoly2_17^(2) + PPoly2_18^(2)', 'PPoly2_19^(3) + PPoly2_20^(3) + PPoly2_21^(3) + PPoly2_22^(3) + PPoly2_23^(3) + PPoly2_24^(3)']",6,,True,False
0,3,2,2,1,['PPoly2_1^(0) + PPoly2_2^(0) + PPoly2_3^(0) + PPoly2_4^(0) + PPoly2_5^(0) + PPoly2_6^(0)'],6,,False,False
0,0,2,2,1,"['PPoly2_1^(0) + PPoly2_2^(0) + PPoly2_3^(0) + PPoly2_4^(0) + PPoly2_5^(0) + PPoly2_6^(0)', 'PPoly2_7^(1) + PPoly2_8^(1) + PPoly2_9^(1) + PPoly2_10^(1) + PPoly2_11^(1) + PPoly2_12^(1)', 'PPoly2_13^(2) + PPoly2_14^(2) + PPoly2_15^(2) + PPoly2_16^(2) + PPoly2_17^(2) + PPoly2_18^(2)', 'PPoly2_19^(3) + PPoly2_20^(3) + PPoly2_21^(3) + PPoly2_22^(3) + PPoly2_23^(3) + PPoly2_24^(3)']",6,,True,False
0,3,2,2,1,['PPoly2_1^(0) + PPoly2_2^(0) + PPoly2_3^(0) + PPoly2_4^(0) + PPoly2_5^(0) + PPoly2_6^(0)'],6,,False,False
0,0,2,2,1,"['PPoly2_1^(0) + PPoly2_2^(0) + PPoly2_3^(0) + PPoly2_4^(0) + PPoly2_5^(0) + PPoly2_6^(0)', 'PPoly2_7^(1) + PPoly2_8^(1) + PPoly2_9^(1) + PPoly2_10^(1) + PPoly2_11^(1) + PPoly2_12^(1)', 'PPoly2_13^(2) + PPoly2_14^(2) + PPoly2_15^(2) + PPoly2_16^(2) + PPoly2_17^(2) + PPoly2_18^(2)', 'PPoly2_19^(3) + PPoly2_20^(3) + PPoly2_21^(3) + PPoly2_22^(3) + PPoly2_23^(3) + PPoly2_24^(3)']",6,,True,False
0,3,2,2,1,['PPoly2_1^(0) + PPoly2_2^(0) + PPoly2_3^(0) + PPoly2_4^(0) + PPoly2_5^(0) + PPoly2_6^(0)'],6,,False,False
0,0,2,2,1,"['PPoly2_1^(0) + PPoly2_2^(0) + PPoly2_3^(0) + PPoly2_4^(0) + PPoly2_5^(0) + PPoly2_6^(0)', 'PPoly2_7^(1) + PPoly2_8^(1) + PPoly2_9^(1) + PPoly2_10^(1) + PPoly2_11^(1) + PPoly2_12^(1)', 'PPoly2_13^(2) + PPoly2_14^(2) + PPoly2_15^(2) + PPoly2_16^(2) + PPoly2_17^(2) + PPoly2_18^(2)', 'PPoly2_19^(3) + PPoly2_20^(3) + PPoly2_21^(3) + PPoly2_22^(3) + PPoly2_23^(3) + PPoly2_24^(3)']",6,,True,False
0,3,2,2,1,['PPoly2_1^(0) + PPoly2_2^(0) + PPoly2_3^(0) + PPoly2_4^(0) + PPoly2_5^(0) + PPoly2_6^(0)'],6,,False,False
0,0,2,2,1,"['PPoly2_1^(0) + PPoly2_2^(0) + PPoly2_3^(0) + PPoly2_4^(0) + PPoly2_5^(0) + PPoly2_6^(0)', 'PPoly2_7^(1) + PPoly2_8^(1) + PPoly2_9^(1) + PPoly2_10^(1) + PPoly2_11^(1) + PPoly2_12^(1)', 'PPoly2_13^(2) + PPoly2_14^(2) + PPoly2_15^(2) + PPoly2_16^(2) + PPoly2_17^(2) + PPoly2_18^(2)', 'PPoly2_19^(3) + PPoly2_20^(3) + PPoly2_21^(3) + PPoly2_22^(3) + PPoly2_23^(3) + PPoly2_24^(3)']",6,,True,False
0,3,2,2,1,['PPoly2_1^(0) + PPoly2_2^(0) + PPoly2_3^(0) + PPoly2_4^(0) + PPoly2_5^(0) + PPoly2_6^(0)'],6,,False,False
0,0,3,2,1,"['SE_1^(0) + M32_1^(0) + SE_2^(0) + M32_2^(0) + SE_3^(0) + M32_3^(0)', 'SE_4^(1) + M32_4^(1) + SE_5^(1) + M32_5^(1) + SE_6^(1) + M32_6^(1)', 'SE_7^(2) + M32_7^(2) + SE_8^(2) + M32_8^(2) + SE_9^(2) + M32_9^(2)', 'SE_10^(3) + M32_10^(3) + SE_11^(3) + M32_11^(3) + SE_12^(3) + M32_12^(3)']",6,,True,False
0,3,3,2,1,['SE_1^(0) + M32_1^(0) + SE_2^(0) + M32_2^(0) + SE_3^(0) + M32_3^(0)'],6,,False,False
0,0,3,2,1,"['SE_1^(0) + M32_1^(0) + SE_2^(0) + M32_2^(0) + SE_3^(0) + M32_3^(0)', 'SE_4^(1) + M32_4^(1) + SE_5^(1) + M32_5^(1) + SE_6^(1) + M32_6^(1)', 'SE_7^(2) + M32_7^(2) + SE_8^(2) + M32_8^(2) + SE_9^(2) + M32_9^(2)', 'SE_10^(3) + M32_10^(3) + SE_11^(3) + M32_11^(3) + SE_12^(3) + M32_12^(3)']",6,,True,False
0,3,3,2,1,['SE_1^(0) + M32_1^(0) + SE_2^(0) + M32_2^(0) + SE_3^(0) + M32_3^(0)'],6,,False,False
0,0,3,2,1,"['SE_1^(0) + M32_1^(0) + SE_2^(0) + M32_2^(0) + SE_3^(0) + M32_3^(0)', 'SE_4^(1) + M32_4^(1) + SE_5^(1) + M32_5^(1) + SE_6^(1) + M32_6^(1)', 'SE_7^(2) + M32_7^(2) + SE_8^(2) + M32_8^(2) + SE_9^(2) + M32_9^(2)', 'SE_10^(3) + M32_10^(3) + SE_11^(3) + M32_11^(3) + SE_12^(3) + M32_12^(3)']",6,,True,False
0,3,3,2,1,['SE_1^(0) + M32_1^(0) + SE_2^(0) + M32_2^(0) + SE_3^(0) + M32_3^(0)'],6,,False,False
0,0,3,2,1,"['SE_1^(0) + M32_1^(0) + SE_2^(0) + M32_2^(0) + SE_3^(0) + M32_3^(0)', 'SE_4^(1) + M32_4^(1) + SE_5^(1) + M32_5^(1) + SE_6^(1) + M32_6^(1)', 'SE_7^(2) + M32_7^(2) + SE_8^(2) + M32_8^(2) + SE_9^(2) + M32_9^(2)', 'SE_10^(3) + M32_10^(3) + SE_11^(3) + M32_11^(3) + SE_12^(3) + M32_12^(3)']",6,,True,False
0,3,3,2,1,['SE_1^(0) + M32_1^(0) + SE_2^(0) + M32_2^(0) + SE_3^(0) + M32_3^(0)'],6,,False,False
0,0,3,2,1,"['SE_1^(0) + M32_1^(0) + SE_2^(0) + M32_2^(0) + SE_3^(0) + M32_3^(0)', 'SE_4^(1) + M32_4^(1) + SE_5^(1) + M32_5^(1) + SE_6^(1) + M32_6^(1)', 'SE_7^(2) + M32_7^(2) + SE_8^(2) + M32_8^(2) + SE_9^(2) + M32_9^(2)', 'SE_10^(3) + M32_10^(3) + SE_11^(3) + M32_11^(3) + SE_12^(3) + M32_12^(3)']",6,,True,False
0,3,3,2,1,['SE_1^(0) + M32_1^(0) + SE_2^(0) + M32_2^(0) + SE_3^(0) + M32_3^(0)'],6,,False,False
0,0,3,2,1,"['SE_1^(0) + M32_1^(0) + SE_2^(0) + M32_2^(0) + SE_3^(0) + M32_3^(0)', 'SE_4^(1) + M32_4^(1) + SE_5^(1) + M32_5^(1) + SE_6^(1) + M32_6^(1)', 'SE_7^(2) + M32_7^(2) + SE_8^(2) + M32_8^(2) + SE_9^(2) + M32_9^(2)', 'SE_10^(3) + M32_10^(3) + SE_11^(3) + M32_11^(3) + SE_12^(3) + M32_12^(3)']",6,,True,False
0,3,3,2,1,['SE_1^(0) + M32_1^(0) + SE_2^(0) + M32_2^(0) + SE_3^(0) + M32_3^(0)'],6,,False,False
0,0,3,2,1,"['SE_1^(0) + M32_1^(0) + SE_2^(0) + M32_2^(0) + SE_3^(0) + M32_3^(0)', 'SE_4^(1) + M32_4^(1) + SE_5^(1) + M32_5^(1) + SE_6^(1) + M32_6^(1)', 'SE_7^(2) + M32_7^(2) + SE_8^(2) + M32_8^(2) + SE_9^(2) + M32_9^(2)', 'SE_10^(3) + M32_10^(3) + SE_11^(3) + M32_11^(3) + SE_12^(3) + M32_12^(3)']",6,,True,False
0,3,3,2,1,['SE_1^(0) + M32_1^(0) + SE_2^(0) + M32_2^(0) + SE_3^(0) + M32_3^(0)'],6,,False,False
0,0,3,2,1,"['SE_1^(0) + M32_1^(0) + SE_2^(0) + M32_2^(0) + SE_3^(0) + M32_3^(0)', 'SE_4^(1) + M32_4^(1) + SE_5^(1) + M32_5^(1) + SE_6^(1) + M32_6^(1)', 'SE_7^(2) + M32_7^(2) + SE_8^(2) + M32_8^(2) + SE_9^(2) + M32_9^(2)', 'SE_10^(3) + M32_10^(3) + SE_11^(3) + M32_11^(3) + SE_12^(3) + M32_12^(3)']",6,,True,False
0,3,3,2,1,['SE_1^(0) + M32_1^(0) + SE_2^(0) + M32_2^(0) + SE_3^(0) + M32_3^(0)'],6,,False,False
0,0,3,2,1,"['SE_1^(0) + M32_1^(0) + SE_2^(0) + M32_2^(0) + SE_3^(0) + M32_3^(0)', 'SE_4^(1) + M32_4^(1) + SE_5^(1) + M32_5^(1) + SE_6^(1) + M32_6^(1)', 'SE_7^(2) + M32_7^(2) + SE_8^(2) + M32_8^(2) + SE_9^(2) + M32_9^(2)', 'SE_10^(3) + M32_10^(3) + SE_11^(3) + M32_11^(3) + SE_12^(3) + M32_12^(3)']",6,,True,False
0,3,3,2,1,['SE_1^(0) + M32_1^(0) + SE_2^(0) + M32_2^(0) + SE_3^(0) + M32_3^(0)'],6,,False,False
0,0,3,2,1,"['SE_1^(0) + M32_1^(0) + SE_2^(0) + M32_2^(0) + SE_3^(0) + M32_3^(0)', 'SE_4^(1) + M32_4^(1) + SE_5^(1) + M32_5^(1) + SE_6^(1) + M32_6^(1)', 'SE_7^(2) + M32_7^(2) + SE_8^(2) + M32_8^(2) + SE_9^(2) + M32_9^(2)', 'SE_10^(3) + M32_10^(3) + SE_11^(3) + M32_11^(3) + SE_12^(3) + M32_12^(3)']",6,,True,False
0,3,3,2,1,['SE_1^(0) + M32_1^(0) + SE_2^(0) + M32_2^(0) + SE_3^(0) + M32_3^(0)'],6,,False,False
0,0,4,2,1,"['M32_1^(0) + M32_2^(0) + M32_3^(0) + M32_4^(0) + M32_5^(0) + M32_6^(0)', 'M32_7^(1) + M32_8^(1) + M32_9^(1) + M32_10^(1) + M32_11^(1) + M32_12^(1)', 'M32_13^(2) + M32_14^(2) + M32_15^(2) + M32_16^(2) + M32_17^(2) + M32_18^(2)', 'M32_19^(3) + M32_20^(3) + M32_21^(3) + M32_22^(3) + M32_23^(3) + M32_24^(3)']",6,,True,False
0,3,4,2,1,['M32_1^(0) + M32_2^(0) + M32_3^(0) + M32_4^(0) + M32_5^(0) + M32_6^(0)'],6,,False,False
0,0,4,2,1,"['M32_1^(0) + M32_2^(0) + M32_3^(0) + M32_4^(0) + M32_5^(0) + M32_6^(0)', 'M32_7^(1) + M32_8^(1) + M32_9^(1) + M32_10^(1) + M32_11^(1) + M32_12^(1)', 'M32_13^(2) + M32_14^(2) + M32_15^(2) + M32_16^(2) + M32_17^(2) + M32_18^(2)', 'M32_19^(3) + M32_20^(3) + M32_21^(3) + M32_22^(3) + M32_23^(3) + M32_24^(3)']",6,,True,False
0,3,4,2,1,['M32_1^(0) + M32_2^(0) + M32_3^(0) + M32_4^(0) + M32_5^(0) + M32_6^(0)'],6,,False,False
0,0,4,2,1,"['M32_1^(0) + M32_2^(0) + M32_3^(0) + M32_4^(0) + M32_5^(0) + M32_6^(0)', 'M32_7^(1) + M32_8^(1) + M32_9^(1) + M32_10^(1) + M32_11^(1) + M32_12^(1)', 'M32_13^(2) + M32_14^(2) + M32_15^(2) + M32_16^(2) + M32_17^(2) + M32_18^(2)', 'M32_19^(3) + M32_20^(3) + M32_21^(3) + M32_22^(3) + M32_23^(3) + M32_24^(3)']",6,,True,False
0,3,4,2,1,['M32_1^(0) + M32_2^(0) + M32_3^(0) + M32_4^(0) + M32_5^(0) + M32_6^(0)'],6,,False,False
0,0,4,2,1,"['M32_1^(0) + M32_2^(0) + M32_3^(0) + M32_4^(0) + M32_5^(0) + M32_6^(0)', 'M32_7^(1) + M32_8^(1) + M32_9^(1) + M32_10^(1) + M32_11^(1) + M32_12^(1)', 'M32_13^(2) + M32_14^(2) + M32_15^(2) + M32_16^(2) + M32_17^(2) + M32_18^(2)', 'M32_19^(3) + M32_20^(3) + M32_21^(3) + M32_22^(3) + M32_23^(3) + M32_24^(3)']",6,,True,False
0,3,4,2,1,['M32_1^(0) + M32_2^(0) + M32_3^(0) + M32_4^(0) + M32_5^(0) + M32_6^(0)'],6,,False,False
0,0,4,2,1,"['M32_1^(0) + M32_2^(0) + M32_3^(0) + M32_4^(0) + M32_5^(0) + M32_6^(0)', 'M32_7^(1) + M32_8^(1) + M32_9^(1) + M32_10^(1) + M32_11^(1) + M32_12^(1)', 'M32_13^(2) + M32_14^(2) + M32_15^(2) + M32_16^(2) + M32_17^(2) + M32_18^(2)', 'M32_19^(3) + M32_20^(3) + M32_21^(3) + M32_22^(3) + M32_23^(3) + M32_24^(3)']",6,,True,False
0,3,4,2,1,['M32_1^(0) + M32_2^(0) + M32_3^(0) + M32_4^(0) + M32_5^(0) + M32_6^(0)'],6,,False,False
0,0,4,2,1,"['M32_1^(0) + M32_2^(0) + M32_3^(0) + M32_4^(0) + M32_5^(0) + M32_6^(0)', 'M32_7^(1) + M32_8^(1) + M32_9^(1) + M32_10^(1) + M32_11^(1) + M32_12^(1)', 'M32_13^(2) + M32_14^(2) + M32_15^(2) + M32_16^(2) + M32_17^(2) + M32_18^(2)', 'M32_19^(3) + M32_20^(3) + M32_21^(3) + M32_22^(3) + M32_23^(3) + M32_24^(3)']",6,,True,False
0,3,4,2,1,['M32_1^(0) + M32_2^(0) + M32_3^(0) + M32_4^(0) + M32_5^(0) + M32_6^(0)'],6,,False,False
0,0,4,2,1,"['M32_1^(0) + M32_2^(0) + M32_3^(0) + M32_4^(0) + M32_5^(0) + M32_6^(0)', 'M32_7^(1) + M32_8^(1) + M32_9^(1) + M32_10^(1) + M32_11^(1) + M32_12^(1)', 'M32_13^(2) + M32_14^(2) + M32_15^(2) + M32_16^(2) + M32_17^(2) + M32_18^(2)', 'M32_19^(3) + M32_20^(3) + M32_21^(3) + M32_22^(3) + M32_23^(3) + M32_24^(3)']",6,,True,False
0,3,4,2,1,['M32_1^(0) + M32_2^(0) + M32_3^(0) + M32_4^(0) + M32_5^(0) + M32_6^(0)'],6,,False,False
0,0,4,2,1,"['M32_1^(0) + M32_2^(0) + M32_3^(0) + M32_4^(0) + M32_5^(0) + M32_6^(0)', 'M32_7^(1) + M32_8^(1) + M32_9^(1) + M32_10^(1) + M32_11^(1) + M32_12^(1)', 'M32_13^(2) + M32_14^(2) + M32_15^(2) + M32_16^(2) + M32_17^(2) + M32_18^(2)', 'M32_19^(3) + M32_20^(3) + M32_21^(3) + M32_22^(3) + M32_23^(3) + M32_24^(3)']",6,,True,False
0,3,4,2,1,['M32_1^(0) + M32_2^(0) + M32_3^(0) + M32_4^(0) + M32_5^(0) + M32_6^(0)'],6,,False,False
0,0,4,2,1,"['M32_1^(0) + M32_2^(0) + M32_3^(0) + M32_4^(0) + M32_5^(0) + M32_6^(0)', 'M32_7^(1) + M32_8^(1) + M32_9^(1) + M32_10^(1) + M32_11^(1) + M32_12^(1)', 'M32_13^(2) + M32_14^(2) + M32_15^(2) + M32_16^(2) + M32_17^(2) + M32_18^(2)', 'M32_19^(3) + M32_20^(3) + M32_21^(3) + M32_22^(3) + M32_23^(3) + M32_24^(3)']",6,,True,False
0,3,4,2,1,['M32_1^(0) + M32_2^(0) + M32_3^(0) + M32_4^(0) + M32_5^(0) + M32_6^(0)'],6,,False,False
0,0,4,2,1,"['M32_1^(0) + M32_2^(0) + M32_3^(0) + M32_4^(0) + M32_5^(0) + M32_6^(0)', 'M32_7^(1) + M32_8^(1) + M32_9^(1) + M32_10^(1) + M32_11^(1) + M32_12^(1)', 'M32_13^(2) + M32_14^(2) + M32_15^(2) + M32_16^(2) + M32_17^(2) + M32_18^(2)', 'M32_19^(3) + M32_20^(3) + M32_21^(3) + M32_22^(3) + M32_23^(3) + M32_24^(3)']",6,,True,False
0,3,4,2,1,['M32_1^(0) + M32_2^(0) + M32_3^(0) + M32_4^(0) + M32_5^(0) + M32_6^(0)'],6,,False,False
0,0,5,2,1,"['SE_1^(0) + PPoly3_1^(0) + SE_2^(0) + PPoly3_2^(0) + SE_3^(0) + PPoly3_3^(0)', 'SE_4^(1) + PPoly3_4^(1) + SE_5^(1) + PPoly3_5^(1) + SE_6^(1) + PPoly3_6^(1)', 'SE_7^(2) + PPoly3_7^(2) + SE_8^(2) + PPoly3_8^(2) + SE_9^(2) + PPoly3_9^(2)', 'SE_10^(3) + PPoly3_10^(3) + SE_11^(3) + PPoly3_11^(3) + SE_12^(3) + PPoly3_12^(3)']",6,,True,False
0,3,5,2,1,['SE_1^(0) + PPoly3_1^(0) + SE_2^(0) + PPoly3_2^(0) + SE_3^(0) + PPoly3_3^(0)'],6,,False,False
0,0,5,2,1,"['SE_1^(0) + PPoly3_1^(0) + SE_2^(0) + PPoly3_2^(0) + SE_3^(0) + PPoly3_3^(0)', 'SE_4^(1) + PPoly3_4^(1) + SE_5^(1) + PPoly3_5^(1) + SE_6^(1) + PPoly3_6^(1)', 'SE_7^(2) + PPoly3_7^(2) + SE_8^(2) + PPoly3_8^(2) + SE_9^(2) + PPoly3_9^(2)', 'SE_10^(3) + PPoly3_10^(3) + SE_11^(3) + PPoly3_11^(3) + SE_12^(3) + PPoly3_12^(3)']",6,,True,False
0,3,5,2,1,['SE_1^(0) + PPoly3_1^(0) + SE_2^(0) + PPoly3_2^(0) + SE_3^(0) + PPoly3_3^(0)'],6,,False,False
0,0,5,2,1,"['SE_1^(0) + PPoly3_1^(0) + SE_2^(0) + PPoly3_2^(0) + SE_3^(0) + PPoly3_3^(0)', 'SE_4^(1) + PPoly3_4^(1) + SE_5^(1) + PPoly3_5^(1) + SE_6^(1) + PPoly3_6^(1)', 'SE_7^(2) + PPoly3_7^(2) + SE_8^(2) + PPoly3_8^(2) + SE_9^(2) + PPoly3_9^(2)', 'SE_10^(3) + PPoly3_10^(3) + SE_11^(3) + PPoly3_11^(3) + SE_12^(3) + PPoly3_12^(3)']",6,,True,False
0,3,5,2,1,['SE_1^(0) + PPoly3_1^(0) + SE_2^(0) + PPoly3_2^(0) + SE_3^(0) + PPoly3_3^(0)'],6,,False,False
0,0,5,2,1,"['SE_1^(0) + PPoly3_1^(0) + SE_2^(0) + PPoly3_2^(0) + SE_3^(0) + PPoly3_3^(0)', 'SE_4^(1) + PPoly3_4^(1) + SE_5^(1) + PPoly3_5^(1) + SE_6^(1) + PPoly3_6^(1)', 'SE_7^(2) + PPoly3_7^(2) + SE_8^(2) + PPoly3_8^(2) + SE_9^(2) + PPoly3_9^(2)', 'SE_10^(3) + PPoly3_10^(3) + SE_11^(3) + PPoly3_11^(3) + SE_12^(3) + PPoly3_12^(3)']",6,,True,False
0,3,5,2,1,['SE_1^(0) + PPoly3_1^(0) + SE_2^(0) + PPoly3_2^(0) + SE_3^(0) + PPoly3_3^(0)'],6,,False,False
0,0,5,2,1,"['SE_1^(0) + PPoly3_1^(0) + SE_2^(0) + PPoly3_2^(0) + SE_3^(0) + PPoly3_3^(0)', 'SE_4^(1) + PPoly3_4^(1) + SE_5^(1) + PPoly3_5^(1) + SE_6^(1) + PPoly3_6^(1)', 'SE_7^(2) + PPoly3_7^(2) + SE_8^(2) + PPoly3_8^(2) + SE_9^(2) + PPoly3_9^(2)', 'SE_10^(3) + PPoly3_10^(3) + SE_11^(3) + PPoly3_11^(3) + SE_12^(3) + PPoly3_12^(3)']",6,,True,False
0,3,5,2,1,['SE_1^(0) + PPoly3_1^(0) + SE_2^(0) + PPoly3_2^(0) + SE_3^(0) + PPoly3_3^(0)'],6,,False,False
0,0,5,2,1,"['SE_1^(0) + PPoly3_1^(0) + SE_2^(0) + PPoly3_2^(0) + SE_3^(0) + PPoly3_3^(0)', 'SE_4^(1) + PPoly3_4^(1) + SE_5^(1) + PPoly3_5^(1) + SE_6^(1) + PPoly3_6^(1)', 'SE_7^(2) + PPoly3_7^(2) + SE_8^(2) + PPoly3_8^(2) + SE_9^(2) + PPoly3_9^(2)', 'SE_10^(3) + PPoly3_10^(3) + SE_11^(3) + PPoly3_11^(3) + SE_12^(3) + PPoly3_12^(3)']",6,,True,False
0,3,5,2,1,['SE_1^(0) + PPoly3_1^(0) + SE_2^(0) + PPoly3_2^(0) + SE_3^(0) + PPoly3_3^(0)'],6,,False,False
0,0,5,2,1,"['SE_1^(0) + PPoly3_1^(0) + SE_2^(0) + PPoly3_2^(0) + SE_3^(0) + PPoly3_3^(0)', 'SE_4^(1) + PPoly3_4^(1) + SE_5^(1) + PPoly3_5^(1) + SE_6^(1) + PPoly3_6^(1)', 'SE_7^(2) + PPoly3_7^(2) + SE_8^(2) + PPoly3_8^(2) + SE_9^(2) + PPoly3_9^(2)', 'SE_10^(3) + PPoly3_10^(3) + SE_11^(3) + PPoly3_11^(3) + SE_12^(3) + PPoly3_12^(3)']",6,,True,False
0,3,5,2,1,['SE_1^(0) + PPoly3_1^(0) + SE_2^(0) + PPoly3_2^(0) + SE_3^(0) + PPoly3_3^(0)'],6,,False,False
0,0,5,2,1,"['SE_1^(0) + PPoly3_1^(0) + SE_2^(0) + PPoly3_2^(0) + SE_3^(0) + PPoly3_3^(0)', 'SE_4^(1) + PPoly3_4^(1) + SE_5^(1) + PPoly3_5^(1) + SE_6^(1) + PPoly3_6^(1)', 'SE_7^(2) + PPoly3_7^(2) + SE_8^(2) + PPoly3_8^(2) + SE_9^(2) + PPoly3_9^(2)', 'SE_10^(3) + PPoly3_10^(3) + SE_11^(3) + PPoly3_11^(3) + SE_12^(3) + PPoly3_12^(3)']",6,,True,False
0,3,5,2,1,['SE_1^(0) + PPoly3_1^(0) + SE_2^(0) + PPoly3_2^(0) + SE_3^(0) + PPoly3_3^(0)'],6,,False,False
0,0,5,2,1,"['SE_1^(0) + PPoly3_1^(0) + SE_2^(0) + PPoly3_2^(0) + SE_3^(0) + PPoly3_3^(0)', 'SE_4^(1) + PPoly3_4^(1) + SE_5^(1) + PPoly3_5^(1) + SE_6^(1) + PPoly3_6^(1)', 'SE_7^(2) + PPoly3_7^(2) + SE_8^(2) + PPoly3_8^(2) + SE_9^(2) + PPoly3_9^(2)', 'SE_10^(3) + PPoly3_10^(3) + SE_11^(3) + PPoly3_11^(3) + SE_12^(3) + PPoly3_12^(3)']",6,,True,False
0,3,5,2,1,['SE_1^(0) + PPoly3_1^(0) + SE_2^(0) + PPoly3_2^(0) + SE_3^(0) + PPoly3_3^(0)'],6,,False,False
0,0,5,2,1,"['SE_1^(0) + PPoly3_1^(0) + SE_2^(0) + PPoly3_2^(0) + SE_3^(0) + PPoly3_3^(0)', 'SE_4^(1) + PPoly3_4^(1) + SE_5^(1) + PPoly3_5^(1) + SE_6^(1) + PPoly3_6^(1)', 'SE_7^(2) + PPoly3_7^(2) + SE_8^(2) + PPoly3_8^(2) + SE_9^(2) + PPoly3_9^(2)', 'SE_10^(3) + PPoly3_10^(3) + SE_11^(3) + PPoly3_11^(3) + SE_12^(3) + PPoly3_12^(3)']",6,,True,False
0,3,5,2,1,['SE_1^(0) + PPoly3_1^(0) + SE_2^(0) + PPoly3_2^(0) + SE_3^(0) + PPoly3_3^(0)'],6,,False,False
0,0,6,2,1,"['PPoly3_1^(0) + PPoly3_2^(0) + PPoly3_3^(0) + PPoly3_4^(0) + PPoly3_5^(0) + PPoly3_6^(0)', 'PPoly3_7^(1) + PPoly3_8^(1) + PPoly3_9^(1) + PPoly3_10^(1) + PPoly3_11^(1) + PPoly3_12^(1)', 'PPoly3_13^(2) + PPoly3_14^(2) + PPoly3_15^(2) + PPoly3_16^(2) + PPoly3_17^(2) + PPoly3_18^(2)', 'PPoly3_19^(3) + PPoly3_20^(3) + PPoly3_21^(3) + PPoly3_22^(3) + PPoly3_23^(3) + PPoly3_24^(3)']",6,,True,False
0,3,6,2,1,['PPoly3_1^(0) + PPoly3_2^(0) + PPoly3_3^(0) + PPoly3_4^(0) + PPoly3_5^(0) + PPoly3_6^(0)'],6,,False,False
0,0,6,2,1,"['PPoly3_1^(0) + PPoly3_2^(0) + PPoly3_3^(0) + PPoly3_4^(0) + PPoly3_5^(0) + PPoly3_6^(0)', 'PPoly3_7^(1) + PPoly3_8^(1) + PPoly3_9^(1) + PPoly3_10^(1) + PPoly3_11^(1) + PPoly3_12^(1)', 'PPoly3_13^(2) + PPoly3_14^(2) + PPoly3_15^(2) + PPoly3_16^(2) + PPoly3_17^(2) + PPoly3_18^(2)', 'PPoly3_19^(3) + PPoly3_20^(3) + PPoly3_21^(3) + PPoly3_22^(3) + PPoly3_23^(3) + PPoly3_24^(3)']",6,,True,False
0,3,6,2,1,['PPoly3_1^(0) + PPoly3_2^(0) + PPoly3_3^(0) + PPoly3_4^(0) + PPoly3_5^(0) + PPoly3_6^(0)'],6,,False,False
0,0,6,2,1,"['PPoly3_1^(0) + PPoly3_2^(0) + PPoly3_3^(0) + PPoly3_4^(0) + PPoly3_5^(0) + PPoly3_6^(0)', 'PPoly3_7^(1) + PPoly3_8^(1) + PPoly3_9^(1) + PPoly3_10^(1) + PPoly3_11^(1) + PPoly3_12^(1)', 'PPoly3_13^(2) + PPoly3_14^(2) + PPoly3_15^(2) + PPoly3_16^(2) + PPoly3_17^(2) + PPoly3_18^(2)', 'PPoly3_19^(3) + PPoly3_20^(3) + PPoly3_21^(3) + PPoly3_22^(3) + PPoly3_23^(3) + PPoly3_24^(3)']",6,,True,False
0,3,6,2,1,['PPoly3_1^(0) + PPoly3_2^(0) + PPoly3_3^(0) + PPoly3_4^(0) + PPoly3_5^(0) + PPoly3_6^(0)'],6,,False,False
0,0,6,2,1,"['PPoly3_1^(0) + PPoly3_2^(0) + PPoly3_3^(0) + PPoly3_4^(0) + PPoly3_5^(0) + PPoly3_6^(0)', 'PPoly3_7^(1) + PPoly3_8^(1) + PPoly3_9^(1) + PPoly3_10^(1) + PPoly3_11^(1) + PPoly3_12^(1)', 'PPoly3_13^(2) + PPoly3_14^(2) + PPoly3_15^(2) + PPoly3_16^(2) + PPoly3_17^(2) + PPoly3_18^(2)', 'PPoly3_19^(3) + PPoly3_20^(3) + PPoly3_21^(3) + PPoly3_22^(3) + PPoly3_23^(3) + PPoly3_24^(3)']",6,,True,False
0,3,6,2,1,['PPoly3_1^(0) + PPoly3_2^(0) + PPoly3_3^(0) + PPoly3_4^(0) + PPoly3_5^(0) + PPoly3_6^(0)'],6,,False,False
0,0,6,2,1,"['PPoly3_1^(0) + PPoly3_2^(0) + PPoly3_3^(0) + PPoly3_4^(0) + PPoly3_5^(0) + PPoly3_6^(0)', 'PPoly3_7^(1) + PPoly3_8^(1) + PPoly3_9^(1) + PPoly3_10^(1) + PPoly3_11^(1) + PPoly3_12^(1)', 'PPoly3_13^(2) + PPoly3_14^(2) + PPoly3_15^(2) + PPoly3_16^(2) + PPoly3_17^(2) + PPoly3_18^(2)', 'PPoly3_19^(3) + PPoly3_20^(3) + PPoly3_21^(3) + PPoly3_22^(3) + PPoly3_23^(3) + PPoly3_24^(3)']",6,,True,False
0,3,6,2,1,['PPoly3_1^(0) + PPoly3_2^(0) + PPoly3_3^(0) + PPoly3_4^(0) + PPoly3_5^(0) + PPoly3_6^(0)'],6,,False,False
0,0,6,2,1,"['PPoly3_1^(0) + PPoly3_2^(0) + PPoly3_3^(0) + PPoly3_4^(0) + PPoly3_5^(0) + PPoly3_6^(0)', 'PPoly3_7^(1) + PPoly3_8^(1) + PPoly3_9^(1) + PPoly3_10^(1) + PPoly3_11^(1) + PPoly3_12^(1)', 'PPoly3_13^(2) + PPoly3_14^(2) + PPoly3_15^(2) + PPoly3_16^(2) + PPoly3_17^(2) + PPoly3_18^(2)', 'PPoly3_19^(3) + PPoly3_20^(3) + PPoly3_21^(3) + PPoly3_22^(3) + PPoly3_23^(3) + PPoly3_24^(3)']",6,,True,False
0,3,6,2,1,['PPoly3_1^(0) + PPoly3_2^(0) + PPoly3_3^(0) + PPoly3_4^(0) + PPoly3_5^(0) + PPoly3_6^(0)'],6,,False,False
0,0,6,2,1,"['PPoly3_1^(0) + PPoly3_2^(0) + PPoly3_3^(0) + PPoly3_4^(0) + PPoly3_5^(0) + PPoly3_6^(0)', 'PPoly3_7^(1) + PPoly3_8^(1) + PPoly3_9^(1) + PPoly3_10^(1) + PPoly3_11^(1) + PPoly3_12^(1)', 'PPoly3_13^(2) + PPoly3_14^(2) + PPoly3_15^(2) + PPoly3_16^(2) + PPoly3_17^(2) + PPoly3_18^(2)', 'PPoly3_19^(3) + PPoly3_20^(3) + PPoly3_21^(3) + PPoly3_22^(3) + PPoly3_23^(3) + PPoly3_24^(3)']",6,,True,False
0,3,6,2,1,['PPoly3_1^(0) + PPoly3_2^(0) + PPoly3_3^(0) + PPoly3_4^(0) + PPoly3_5^(0) + PPoly3_6^(0)'],6,,False,False
0,0,6,2,1,"['PPoly3_1^(0) + PPoly3_2^(0) + PPoly3_3^(0) + PPoly3_4^(0) + PPoly3_5^(0) + PPoly3_6^(0)', 'PPoly3_7^(1) + PPoly3_8^(1) + PPoly3_9^(1) + PPoly3_10^(1) + PPoly3_11^(1) + PPoly3_12^(1)', 'PPoly3_13^(2) + PPoly3_14^(2) + PPoly3_15^(2) + PPoly3_16^(2) + PPoly3_17^(2) + PPoly3_18^(2)', 'PPoly3_19^(3) + PPoly3_20^(3) + PPoly3_21^(3) + PPoly3_22^(3) + PPoly3_23^(3) + PPoly3_24^(3)']",6,,True,False
0,3,6,2,1,['PPoly3_1^(0) + PPoly3_2^(0) + PPoly3_3^(0) + PPoly3_4^(0) + PPoly3_5^(0) + PPoly3_6^(0)'],6,,False,False
0,0,6,2,1,"['PPoly3_1^(0) + PPoly3_2^(0) + PPoly3_3^(0) + PPoly3_4^(0) + PPoly3_5^(0) + PPoly3_6^(0)', 'PPoly3_7^(1) + PPoly3_8^(1) + PPoly3_9^(1) + PPoly3_10^(1) + PPoly3_11^(1) + PPoly3_12^(1)', 'PPoly3_13^(2) + PPoly3_14^(2) + PPoly3_15^(2) + PPoly3_16^(2) + PPoly3_17^(2) + PPoly3_18^(2)', 'PPoly3_19^(3) + PPoly3_20^(3) + PPoly3_21^(3) + PPoly3_22^(3) + PPoly3_23^(3) + PPoly3_24^(3)']",6,,True,False
0,3,6,2,1,['PPoly3_1^(0) + PPoly3_2^(0) + PPoly3_3^(0) + PPoly3_4^(0) + PPoly3_5^(0) + PPoly3_6^(0)'],6,,False,False
0,0,6,2,1,"['PPoly3_1^(0) + PPoly3_2^(0) + PPoly3_3^(0) + PPoly3_4^(0) + PPoly3_5^(0) + PPoly3_6^(0)', 'PPoly3_7^(1) + PPoly3_8^(1) + PPoly3_9^(1) + PPoly3_10^(1) + PPoly3_11^(1) + PPoly3_12^(1)', 'PPoly3_13^(2) + PPoly3_14^(2) + PPoly3_15^(2) + PPoly3_16^(2) + PPoly3_17^(2) + PPoly3_18^(2)', 'PPoly3_19^(3) + PPoly3_20^(3) + PPoly3_21^(3) + PPoly3_22^(3) + PPoly3_23^(3) + PPoly3_24^(3)']",6,,True,False
0,3,6,2,1,['PPoly3_1^(0) + PPoly3_2^(0) + PPoly3_3^(0) + PPoly3_4^(0) + PPoly3_5^(0) + PPoly3_6^(0)'],6,,False,False
0,0,7,2,1,"['SE_1^(0) + M52_1^(0) + SE_2^(0) + M52_2^(0) + SE_3^(0) + M52_3^(0)', 'SE_4^(1) + M52_4^(1) + SE_5^(1) + M52_5^(1) + SE_6^(1) + M52_6^(1)', 'SE_7^(2) + M52_7^(2) + SE_8^(2) + M52_8^(2) + SE_9^(2) + M52_9^(2)', 'SE_10^(3) + M52_10^(3) + SE_11^(3) + M52_11^(3) + SE_12^(3) + M52_12^(3)']",6,,True,False
0,3,7,2,1,['SE_1^(0) + M52_1^(0) + SE_2^(0) + M52_2^(0) + SE_3^(0) + M52_3^(0)'],6,,False,False
0,0,7,2,1,"['SE_1^(0) + M52_1^(0) + SE_2^(0) + M52_2^(0) + SE_3^(0) + M52_3^(0)', 'SE_4^(1) + M52_4^(1) + SE_5^(1) + M52_5^(1) + SE_6^(1) + M52_6^(1)', 'SE_7^(2) + M52_7^(2) + SE_8^(2) + M52_8^(2) + SE_9^(2) + M52_9^(2)', 'SE_10^(3) + M52_10^(3) + SE_11^(3) + M52_11^(3) + SE_12^(3) + M52_12^(3)']",6,,True,False
0,3,7,2,1,['SE_1^(0) + M52_1^(0) + SE_2^(0) + M52_2^(0) + SE_3^(0) + M52_3^(0)'],6,,False,False
0,0,7,2,1,"['SE_1^(0) + M52_1^(0) + SE_2^(0) + M52_2^(0) + SE_3^(0) + M52_3^(0)', 'SE_4^(1) + M52_4^(1) + SE_5^(1) + M52_5^(1) + SE_6^(1) + M52_6^(1)', 'SE_7^(2) + M52_7^(2) + SE_8^(2) + M52_8^(2) + SE_9^(2) + M52_9^(2)', 'SE_10^(3) + M52_10^(3) + SE_11^(3) + M52_11^(3) + SE_12^(3) + M52_12^(3)']",6,,True,False
0,3,7,2,1,['SE_1^(0) + M52_1^(0) + SE_2^(0) + M52_2^(0) + SE_3^(0) + M52_3^(0)'],6,,False,False
0,0,7,2,1,"['SE_1^(0) + M52_1^(0) + SE_2^(0) + M52_2^(0) + SE_3^(0) + M52_3^(0)', 'SE_4^(1) + M52_4^(1) + SE_5^(1) + M52_5^(1) + SE_6^(1) + M52_6^(1)', 'SE_7^(2) + M52_7^(2) + SE_8^(2) + M52_8^(2) + SE_9^(2) + M52_9^(2)', 'SE_10^(3) + M52_10^(3) + SE_11^(3) + M52_11^(3) + SE_12^(3) + M52_12^(3)']",6,,True,False
0,3,7,2,1,['SE_1^(0) + M52_1^(0) + SE_2^(0) + M52_2^(0) + SE_3^(0) + M52_3^(0)'],6,,False,False
0,0,7,2,1,"['SE_1^(0) + M52_1^(0) + SE_2^(0) + M52_2^(0) + SE_3^(0) + M52_3^(0)', 'SE_4^(1) + M52_4^(1) + SE_5^(1) + M52_5^(1) + SE_6^(1) + M52_6^(1)', 'SE_7^(2) + M52_7^(2) + SE_8^(2) + M52_8^(2) + SE_9^(2) + M52_9^(2)', 'SE_10^(3) + M52_10^(3) + SE_11^(3) + M52_11^(3) + SE_12^(3) + M52_12^(3)']",6,,True,False
0,3,7,2,1,['SE_1^(0) + M52_1^(0) + SE_2^(0) + M52_2^(0) + SE_3^(0) + M52_3^(0)'],6,,False,False
0,0,7,2,1,"['SE_1^(0) + M52_1^(0) + SE_2^(0) + M52_2^(0) + SE_3^(0) + M52_3^(0)', 'SE_4^(1) + M52_4^(1) + SE_5^(1) + M52_5^(1) + SE_6^(1) + M52_6^(1)', 'SE_7^(2) + M52_7^(2) + SE_8^(2) + M52_8^(2) + SE_9^(2) + M52_9^(2)', 'SE_10^(3) + M52_10^(3) + SE_11^(3) + M52_11^(3) + SE_12^(3) + M52_12^(3)']",6,,True,False
0,3,7,2,1,['SE_1^(0) + M52_1^(0) + SE_2^(0) + M52_2^(0) + SE_3^(0) + M52_3^(0)'],6,,False,False
0,0,7,2,1,"['SE_1^(0) + M52_1^(0) + SE_2^(0) + M52_2^(0) + SE_3^(0) + M52_3^(0)', 'SE_4^(1) + M52_4^(1) + SE_5^(1) + M52_5^(1) + SE_6^(1) + M52_6^(1)', 'SE_7^(2) + M52_7^(2) + SE_8^(2) + M52_8^(2) + SE_9^(2) + M52_9^(2)', 'SE_10^(3) + M52_10^(3) + SE_11^(3) + M52_11^(3) + SE_12^(3) + M52_12^(3)']",6,,True,False
0,3,7,2,1,['SE_1^(0) + M52_1^(0) + SE_2^(0) + M52_2^(0) + SE_3^(0) + M52_3^(0)'],6,,False,False
0,0,7,2,1,"['SE_1^(0) + M52_1^(0) + SE_2^(0) + M52_2^(0) + SE_3^(0) + M52_3^(0)', 'SE_4^(1) + M52_4^(1) + SE_5^(1) + M52_5^(1) + SE_6^(1) + M52_6^(1)', 'SE_7^(2) + M52_7^(2) + SE_8^(2) + M52_8^(2) + SE_9^(2) + M52_9^(2)', 'SE_10^(3) + M52_10^(3) + SE_11^(3) + M52_11^(3) + SE_12^(3) + M52_12^(3)']",6,,True,False
0,3,7,2,1,['SE_1^(0) + M52_1^(0) + SE_2^(0) + M52_2^(0) + SE_3^(0) + M52_3^(0)'],6,,False,False
0,0,7,2,1,"['SE_1^(0) + M52_1^(0) + SE_2^(0) + M52_2^(0) + SE_3^(0) + M52_3^(0)', 'SE_4^(1) + M52_4^(1) + SE_5^(1) + M52_5^(1) + SE_6^(1) + M52_6^(1)', 'SE_7^(2) + M52_7^(2) + SE_8^(2) + M52_8^(2) + SE_9^(2) + M52_9^(2)', 'SE_10^(3) + M52_10^(3) + SE_11^(3) + M52_11^(3) + SE_12^(3) + M52_12^(3)']",6,,True,False
0,3,7,2,1,['SE_1^(0) + M52_1^(0) + SE_2^(0) + M52_2^(0) + SE_3^(0) + M52_3^(0)'],6,,False,False
0,0,7,2,1,"['SE_1^(0) + M52_1^(0) + SE_2^(0) + M52_2^(0) + SE_3^(0) + M52_3^(0)', 'SE_4^(1) + M52_4^(1) + SE_5^(1) + M52_5^(1) + SE_6^(1) + M52_6^(1)', 'SE_7^(2) + M52_7^(2) + SE_8^(2) + M52_8^(2) + SE_9^(2) + M52_9^(2)', 'SE_10^(3) + M52_10^(3) + SE_11^(3) + M52_11^(3) + SE_12^(3) + M52_12^(3)']",6,,True,False
0,3,7,2,1,['SE_1^(0) + M52_1^(0) + SE_2^(0) + M52_2^(0) + SE_3^(0) + M52_3^(0)'],6,,False,False
0,0,8,2,1,"['M52_1^(0) + M52_2^(0) + M52_3^(0) + M52_4^(0) + M52_5^(0) + M52_6^(0)', 'M52_7^(1) + M52_8^(1) + M52_9^(1) + M52_10^(1) + M52_11^(1) + M52_12^(1)', 'M52_13^(2) + M52_14^(2) + M52_15^(2) + M52_16^(2) + M52_17^(2) + M52_18^(2)', 'M52_19^(3) + M52_20^(3) + M52_21^(3) + M52_22^(3) + M52_23^(3) + M52_24^(3)']",6,,True,False
0,3,8,2,1,['M52_1^(0) + M52_2^(0) + M52_3^(0) + M52_4^(0) + M52_5^(0) + M52_6^(0)'],6,,False,False
0,0,8,2,1,"['M52_1^(0) + M52_2^(0) + M52_3^(0) + M52_4^(0) + M52_5^(0) + M52_6^(0)', 'M52_7^(1) + M52_8^(1) + M52_9^(1) + M52_10^(1) + M52_11^(1) + M52_12^(1)', 'M52_13^(2) + M52_14^(2) + M52_15^(2) + M52_16^(2) + M52_17^(2) + M52_18^(2)', 'M52_19^(3) + M52_20^(3) + M52_21^(3) + M52_22^(3) + M52_23^(3) + M52_24^(3)']",6,,True,False
0,3,8,2,1,['M52_1^(0) + M52_2^(0) + M52_3^(0) + M52_4^(0) + M52_5^(0) + M52_6^(0)'],6,,False,False
0,0,8,2,1,"['M52_1^(0) + M52_2^(0) + M52_3^(0) + M52_4^(0) + M52_5^(0) + M52_6^(0)', 'M52_7^(1) + M52_8^(1) + M52_9^(1) + M52_10^(1) + M52_11^(1) + M52_12^(1)', 'M52_13^(2) + M52_14^(2) + M52_15^(2) + M52_16^(2) + M52_17^(2) + M52_18^(2)', 'M52_19^(3) + M52_20^(3) + M52_21^(3) + M52_22^(3) + M52_23^(3) + M52_24^(3)']",6,,True,False
0,3,8,2,1,['M52_1^(0) + M52_2^(0) + M52_3^(0) + M52_4^(0) + M52_5^(0) + M52_6^(0)'],6,,False,False
0,0,8,2,1,"['M52_1^(0) + M52_2^(0) + M52_3^(0) + M52_4^(0) + M52_5^(0) + M52_6^(0)', 'M52_7^(1) + M52_8^(1) + M52_9^(1) + M52_10^(1) + M52_11^(1) + M52_12^(1)', 'M52_13^(2) + M52_14^(2) + M52_15^(2) + M52_16^(2) + M52_17^(2) + M52_18^(2)', 'M52_19^(3) + M52_20^(3) + M52_21^(3) + M52_22^(3) + M52_23^(3) + M52_24^(3)']",6,,True,False
0,3,8,2,1,['M52_1^(0) + M52_2^(0) + M52_3^(0) + M52_4^(0) + M52_5^(0) + M52_6^(0)'],6,,False,False
0,0,8,2,1,"['M52_1^(0) + M52_2^(0) + M52_3^(0) + M52_4^(0) + M52_5^(0) + M52_6^(0)', 'M52_7^(1) + M52_8^(1) + M52_9^(1) + M52_10^(1) + M52_11^(1) + M52_12^(1)', 'M52_13^(2) + M52_14^(2) + M52_15^(2) + M52_16^(2) + M52_17^(2) + M52_18^(2)', 'M52_19^(3) + M52_20^(3) + M52_21^(3) + M52_22^(3) + M52_23^(3) + M52_24^(3)']",6,,True,False
0,3,8,2,1,['M52_1^(0) + M52_2^(0) + M52_3^(0) + M52_4^(0) + M52_5^(0) + M52_6^(0)'],6,,False,False
0,0,8,2,1,"['M52_1^(0) + M52_2^(0) + M52_3^(0) + M52_4^(0) + M52_5^(0) + M52_6^(0)', 'M52_7^(1) + M52_8^(1) + M52_9^(1) + M52_10^(1) + M52_11^(1) + M52_12^(1)', 'M52_13^(2) + M52_14^(2) + M52_15^(2) + M52_16^(2) + M52_17^(2) + M52_18^(2)', 'M52_19^(3) + M52_20^(3) + M52_21^(3) + M52_22^(3) + M52_23^(3) + M52_24^(3)']",6,,True,False
0,3,8,2,1,['M52_1^(0) + M52_2^(0) + M52_3^(0) + M52_4^(0) + M52_5^(0) + M52_6^(0)'],6,,False,False
0,0,8,2,1,"['M52_1^(0) + M52_2^(0) + M52_3^(0) + M52_4^(0) + M52_5^(0) + M52_6^(0)', 'M52_7^(1) + M52_8^(1) + M52_9^(1) + M52_10^(1) + M52_11^(1) + M52_12^(1)', 'M52_13^(2) + M52_14^(2) + M52_15^(2) + M52_16^(2) + M52_17^(2) + M52_18^(2)', 'M52_19^(3) + M52_20^(3) + M52_21^(3) + M52_22^(3) + M52_23^(3) + M52_24^(3)']",6,,True,False
0,3,8,2,1,['M52_1^(0) + M52_2^(0) + M52_3^(0) + M52_4^(0) + M52_5^(0) + M52_6^(0)'],6,,False,False
0,0,8,2,1,"['M52_1^(0) + M52_2^(0) + M52_3^(0) + M52_4^(0) + M52_5^(0) + M52_6^(0)', 'M52_7^(1) + M52_8^(1) + M52_9^(1) + M52_10^(1) + M52_11^(1) + M52_12^(1)', 'M52_13^(2) + M52_14^(2) + M52_15^(2) + M52_16^(2) + M52_17^(2) + M52_18^(2)', 'M52_19^(3) + M52_20^(3) + M52_21^(3) + M52_22^(3) + M52_23^(3) + M52_24^(3)']",6,,True,False
0,3,8,2,1,['M52_1^(0) + M52_2^(0) + M52_3^(0) + M52_4^(0) + M52_5^(0) + M52_6^(0)'],6,,False,False
0,0,8,2,1,"['M52_1^(0) + M52_2^(0) + M52_3^(0) + M52_4^(0) + M52_5^(0) + M52_6^(0)', 'M52_7^(1) + M52_8^(1) + M52_9^(1) + M52_10^(1) + M52_11^(1) + M52_12^(1)', 'M52_13^(2) + M52_14^(2) + M52_15^(2) + M52_16^(2) + M52_17^(2) + M52_18^(2)', 'M52_19^(3) + M52_20^(3) + M52_21^(3) + M52_22^(3) + M52_23^(3) + M52_24^(3)']",6,,True,False
0,3,8,2,1,['M52_1^(0) + M52_2^(0) + M52_3^(0) + M52_4^(0) + M52_5^(0) + M52_6^(0)'],6,,False,False
0,0,8,2,1,"['M52_1^(0) + M52_2^(0) + M52_3^(0) + M52_4^(0) + M52_5^(0) + M52_6^(0)', 'M52_7^(1) + M52_8^(1) + M52_9^(1) + M52_10^(1) + M52_11^(1) + M52_12^(1)', 'M52_13^(2) + M52_14^(2) + M52_15^(2) + M52_16^(2) + M52_17^(2) + M52_18^(2)', 'M52_19^(3) + M52_20^(3) + M52_21^(3) + M52_22^(3) + M52_23^(3) + M52_24^(3)']",6,,True,False
0,3,8,2,1,['M52_1^(0) + M52_2^(0) + M52_3^(0) + M52_4^(0) + M52_5^(0) + M52_6^(0)'],6,,False,False
0,0,9,2,1,"['SE_1^(0) x PPoly2_1^(0) + SE_2^(0) + SE_3^(0) x PPoly2_2^(0) + SE_4^(0) + SE_5^(0) x PPoly2_3^(0) + SE_6^(0)', 'SE_7^(1) x PPoly2_4^(1) + SE_8^(1) + SE_9^(1) x PPoly2_5^(1) + SE_10^(1) + SE_11^(1) x PPoly2_6^(1) + SE_12^(1)', 'SE_13^(2) x PPoly2_7^(2) + SE_14^(2) + SE_15^(2) x PPoly2_8^(2) + SE_16^(2) + SE_17^(2) x PPoly2_9^(2) + SE_18^(2)', 'SE_19^(3) x PPoly2_10^(3) + SE_20^(3) + SE_21^(3) x PPoly2_11^(3) + SE_22^(3) + SE_23^(3) x PPoly2_12^(3) + SE_24^(3)']",6,,True,False
0,3,9,2,1,['SE_1^(0) x PPoly2_1^(0) + SE_2^(0) + SE_3^(0) x PPoly2_2^(0) + SE_4^(0) + SE_5^(0) x PPoly2_3^(0) + SE_6^(0)'],6,,False,False
0,0,9,2,1,"['SE_1^(0) x PPoly2_1^(0) + SE_2^(0) + SE_3^(0) x PPoly2_2^(0) + SE_4^(0) + SE_5^(0) x PPoly2_3^(0) + SE_6^(0)', 'SE_7^(1) x PPoly2_4^(1) + SE_8^(1) + SE_9^(1) x PPoly2_5^(1) + SE_10^(1) + SE_11^(1) x PPoly2_6^(1) + SE_12^(1)', 'SE_13^(2) x PPoly2_7^(2) + SE_14^(2) + SE_15^(2) x PPoly2_8^(2) + SE_16^(2) + SE_17^(2) x PPoly2_9^(2) + SE_18^(2)', 'SE_19^(3) x PPoly2_10^(3) + SE_20^(3) + SE_21^(3) x PPoly2_11^(3) + SE_22^(3) + SE_23^(3) x PPoly2_12^(3) + SE_24^(3)']",6,,True,False
0,3,9,2,1,['SE_1^(0) x PPoly2_1^(0) + SE_2^(0) + SE_3^(0) x PPoly2_2^(0) + SE_4^(0) + SE_5^(0) x PPoly2_3^(0) + SE_6^(0)'],6,,False,False
0,0,9,2,1,"['SE_1^(0) x PPoly2_1^(0) + SE_2^(0) + SE_3^(0) x PPoly2_2^(0) + SE_4^(0) + SE_5^(0) x PPoly2_3^(0) + SE_6^(0)', 'SE_7^(1) x PPoly2_4^(1) + SE_8^(1) + SE_9^(1) x PPoly2_5^(1) + SE_10^(1) + SE_11^(1) x PPoly2_6^(1) + SE_12^(1)', 'SE_13^(2) x PPoly2_7^(2) + SE_14^(2) + SE_15^(2) x PPoly2_8^(2) + SE_16^(2) + SE_17^(2) x PPoly2_9^(2) + SE_18^(2)', 'SE_19^(3) x PPoly2_10^(3) + SE_20^(3) + SE_21^(3) x PPoly2_11^(3) + SE_22^(3) + SE_23^(3) x PPoly2_12^(3) + SE_24^(3)']",6,,True,False
0,3,9,2,1,['SE_1^(0) x PPoly2_1^(0) + SE_2^(0) + SE_3^(0) x PPoly2_2^(0) + SE_4^(0) + SE_5^(0) x PPoly2_3^(0) + SE_6^(0)'],6,,False,False
0,0,9,2,1,"['SE_1^(0) x PPoly2_1^(0) + SE_2^(0) + SE_3^(0) x PPoly2_2^(0) + SE_4^(0) + SE_5^(0) x PPoly2_3^(0) + SE_6^(0)', 'SE_7^(1) x PPoly2_4^(1) + SE_8^(1) + SE_9^(1) x PPoly2_5^(1) + SE_10^(1) + SE_11^(1) x PPoly2_6^(1) + SE_12^(1)', 'SE_13^(2) x PPoly2_7^(2) + SE_14^(2) + SE_15^(2) x PPoly2_8^(2) + SE_16^(2) + SE_17^(2) x PPoly2_9^(2) + SE_18^(2)', 'SE_19^(3) x PPoly2_10^(3) + SE_20^(3) + SE_21^(3) x PPoly2_11^(3) + SE_22^(3) + SE_23^(3) x PPoly2_12^(3) + SE_24^(3)']",6,,True,False
0,3,9,2,1,['SE_1^(0) x PPoly2_1^(0) + SE_2^(0) + SE_3^(0) x PPoly2_2^(0) + SE_4^(0) + SE_5^(0) x PPoly2_3^(0) + SE_6^(0)'],6,,False,False
0,0,9,2,1,"['SE_1^(0) x PPoly2_1^(0) + SE_2^(0) + SE_3^(0) x PPoly2_2^(0) + SE_4^(0) + SE_5^(0) x PPoly2_3^(0) + SE_6^(0)', 'SE_7^(1) x PPoly2_4^(1) + SE_8^(1) + SE_9^(1) x PPoly2_5^(1) + SE_10^(1) + SE_11^(1) x PPoly2_6^(1) + SE_12^(1)', 'SE_13^(2) x PPoly2_7^(2) + SE_14^(2) + SE_15^(2) x PPoly2_8^(2) + SE_16^(2) + SE_17^(2) x PPoly2_9^(2) + SE_18^(2)', 'SE_19^(3) x PPoly2_10^(3) + SE_20^(3) + SE_21^(3) x PPoly2_11^(3) + SE_22^(3) + SE_23^(3) x PPoly2_12^(3) + SE_24^(3)']",6,,True,False
0,3,9,2,1,['SE_1^(0) x PPoly2_1^(0) + SE_2^(0) + SE_3^(0) x PPoly2_2^(0) + SE_4^(0) + SE_5^(0) x PPoly2_3^(0) + SE_6^(0)'],6,,False,False
0,0,9,2,1,"['SE_1^(0) x PPoly2_1^(0) + SE_2^(0) + SE_3^(0) x PPoly2_2^(0) + SE_4^(0) + SE_5^(0) x PPoly2_3^(0) + SE_6^(0)', 'SE_7^(1) x PPoly2_4^(1) + SE_8^(1) + SE_9^(1) x PPoly2_5^(1) + SE_10^(1) + SE_11^(1) x PPoly2_6^(1) + SE_12^(1)', 'SE_13^(2) x PPoly2_7^(2) + SE_14^(2) + SE_15^(2) x PPoly2_8^(2) + SE_16^(2) + SE_17^(2) x PPoly2_9^(2) + SE_18^(2)', 'SE_19^(3) x PPoly2_10^(3) + SE_20^(3) + SE_21^(3) x PPoly2_11^(3) + SE_22^(3) + SE_23^(3) x PPoly2_12^(3) + SE_24^(3)']",6,,True,False
0,3,9,2,1,['SE_1^(0) x PPoly2_1^(0) + SE_2^(0) + SE_3^(0) x PPoly2_2^(0) + SE_4^(0) + SE_5^(0) x PPoly2_3^(0) + SE_6^(0)'],6,,False,False
0,0,9,2,1,"['SE_1^(0) x PPoly2_1^(0) + SE_2^(0) + SE_3^(0) x PPoly2_2^(0) + SE_4^(0) + SE_5^(0) x PPoly2_3^(0) + SE_6^(0)', 'SE_7^(1) x PPoly2_4^(1) + SE_8^(1) + SE_9^(1) x PPoly2_5^(1) + SE_10^(1) + SE_11^(1) x PPoly2_6^(1) + SE_12^(1)', 'SE_13^(2) x PPoly2_7^(2) + SE_14^(2) + SE_15^(2) x PPoly2_8^(2) + SE_16^(2) + SE_17^(2) x PPoly2_9^(2) + SE_18^(2)', 'SE_19^(3) x PPoly2_10^(3) + SE_20^(3) + SE_21^(3) x PPoly2_11^(3) + SE_22^(3) + SE_23^(3) x PPoly2_12^(3) + SE_24^(3)']",6,,True,False
0,3,9,2,1,['SE_1^(0) x PPoly2_1^(0) + SE_2^(0) + SE_3^(0) x PPoly2_2^(0) + SE_4^(0) + SE_5^(0) x PPoly2_3^(0) + SE_6^(0)'],6,,False,False
0,0,9,2,1,"['SE_1^(0) x PPoly2_1^(0) + SE_2^(0) + SE_3^(0) x PPoly2_2^(0) + SE_4^(0) + SE_5^(0) x PPoly2_3^(0) + SE_6^(0)', 'SE_7^(1) x PPoly2_4^(1) + SE_8^(1) + SE_9^(1) x PPoly2_5^(1) + SE_10^(1) + SE_11^(1) x PPoly2_6^(1) + SE_12^(1)', 'SE_13^(2) x PPoly2_7^(2) + SE_14^(2) + SE_15^(2) x PPoly2_8^(2) + SE_16^(2) + SE_17^(2) x PPoly2_9^(2) + SE_18^(2)', 'SE_19^(3) x PPoly2_10^(3) + SE_20^(3) + SE_21^(3) x PPoly2_11^(3) + SE_22^(3) + SE_23^(3) x PPoly2_12^(3) + SE_24^(3)']",6,,True,False
0,3,9,2,1,['SE_1^(0) x PPoly2_1^(0) + SE_2^(0) + SE_3^(0) x PPoly2_2^(0) + SE_4^(0) + SE_5^(0) x PPoly2_3^(0) + SE_6^(0)'],6,,False,False
0,0,9,2,1,"['SE_1^(0) x PPoly2_1^(0) + SE_2^(0) + SE_3^(0) x PPoly2_2^(0) + SE_4^(0) + SE_5^(0) x PPoly2_3^(0) + SE_6^(0)', 'SE_7^(1) x PPoly2_4^(1) + SE_8^(1) + SE_9^(1) x PPoly2_5^(1) + SE_10^(1) + SE_11^(1) x PPoly2_6^(1) + SE_12^(1)', 'SE_13^(2) x PPoly2_7^(2) + SE_14^(2) + SE_15^(2) x PPoly2_8^(2) + SE_16^(2) + SE_17^(2) x PPoly2_9^(2) + SE_18^(2)', 'SE_19^(3) x PPoly2_10^(3) + SE_20^(3) + SE_21^(3) x PPoly2_11^(3) + SE_22^(3) + SE_23^(3) x PPoly2_12^(3) + SE_24^(3)']",6,,True,False
0,3,9,2,1,['SE_1^(0) x PPoly2_1^(0) + SE_2^(0) + SE_3^(0) x PPoly2_2^(0) + SE_4^(0) + SE_5^(0) x PPoly2_3^(0) + SE_6^(0)'],6,,False,False
0,0,9,2,1,"['SE_1^(0) x PPoly2_1^(0) + SE_2^(0) + SE_3^(0) x PPoly2_2^(0) + SE_4^(0) + SE_5^(0) x PPoly2_3^(0) + SE_6^(0)', 'SE_7^(1) x PPoly2_4^(1) + SE_8^(1) + SE_9^(1) x PPoly2_5^(1) + SE_10^(1) + SE_11^(1) x PPoly2_6^(1) + SE_12^(1)', 'SE_13^(2) x PPoly2_7^(2) + SE_14^(2) + SE_15^(2) x PPoly2_8^(2) + SE_16^(2) + SE_17^(2) x PPoly2_9^(2) + SE_18^(2)', 'SE_19^(3) x PPoly2_10^(3) + SE_20^(3) + SE_21^(3) x PPoly2_11^(3) + SE_22^(3) + SE_23^(3) x PPoly2_12^(3) + SE_24^(3)']",6,,True,False
0,3,9,2,1,['SE_1^(0) x PPoly2_1^(0) + SE_2^(0) + SE_3^(0) x PPoly2_2^(0) + SE_4^(0) + SE_5^(0) x PPoly2_3^(0) + SE_6^(0)'],6,,False,False
0,0,10,2,1,"['SE_1^(0) x M32_1^(0) + SE_2^(0) + SE_3^(0) x M32_2^(0) + SE_4^(0) + SE_5^(0) x M32_3^(0) + SE_6^(0)', 'SE_7^(1) x M32_4^(1) + SE_8^(1) + SE_9^(1) x M32_5^(1) + SE_10^(1) + SE_11^(1) x M32_6^(1) + SE_12^(1)', 'SE_13^(2) x M32_7^(2) + SE_14^(2) + SE_15^(2) x M32_8^(2) + SE_16^(2) + SE_17^(2) x M32_9^(2) + SE_18^(2)', 'SE_19^(3) x M32_10^(3) + SE_20^(3) + SE_21^(3) x M32_11^(3) + SE_22^(3) + SE_23^(3) x M32_12^(3) + SE_24^(3)']",6,,True,False
0,3,10,2,1,['SE_1^(0) x M32_1^(0) + SE_2^(0) + SE_3^(0) x M32_2^(0) + SE_4^(0) + SE_5^(0) x M32_3^(0) + SE_6^(0)'],6,,False,False
0,0,10,2,1,"['SE_1^(0) x M32_1^(0) + SE_2^(0) + SE_3^(0) x M32_2^(0) + SE_4^(0) + SE_5^(0) x M32_3^(0) + SE_6^(0)', 'SE_7^(1) x M32_4^(1) + SE_8^(1) + SE_9^(1) x M32_5^(1) + SE_10^(1) + SE_11^(1) x M32_6^(1) + SE_12^(1)', 'SE_13^(2) x M32_7^(2) + SE_14^(2) + SE_15^(2) x M32_8^(2) + SE_16^(2) + SE_17^(2) x M32_9^(2) + SE_18^(2)', 'SE_19^(3) x M32_10^(3) + SE_20^(3) + SE_21^(3) x M32_11^(3) + SE_22^(3) + SE_23^(3) x M32_12^(3) + SE_24^(3)']",6,,True,False
0,3,10,2,1,['SE_1^(0) x M32_1^(0) + SE_2^(0) + SE_3^(0) x M32_2^(0) + SE_4^(0) + SE_5^(0) x M32_3^(0) + SE_6^(0)'],6,,False,False
0,0,10,2,1,"['SE_1^(0) x M32_1^(0) + SE_2^(0) + SE_3^(0) x M32_2^(0) + SE_4^(0) + SE_5^(0) x M32_3^(0) + SE_6^(0)', 'SE_7^(1) x M32_4^(1) + SE_8^(1) + SE_9^(1) x M32_5^(1) + SE_10^(1) + SE_11^(1) x M32_6^(1) + SE_12^(1)', 'SE_13^(2) x M32_7^(2) + SE_14^(2) + SE_15^(2) x M32_8^(2) + SE_16^(2) + SE_17^(2) x M32_9^(2) + SE_18^(2)', 'SE_19^(3) x M32_10^(3) + SE_20^(3) + SE_21^(3) x M32_11^(3) + SE_22^(3) + SE_23^(3) x M32_12^(3) + SE_24^(3)']",6,,True,False
0,3,10,2,1,['SE_1^(0) x M32_1^(0) + SE_2^(0) + SE_3^(0) x M32_2^(0) + SE_4^(0) + SE_5^(0) x M32_3^(0) + SE_6^(0)'],6,,False,False
0,0,10,2,1,"['SE_1^(0) x M32_1^(0) + SE_2^(0) + SE_3^(0) x M32_2^(0) + SE_4^(0) + SE_5^(0) x M32_3^(0) + SE_6^(0)', 'SE_7^(1) x M32_4^(1) + SE_8^(1) + SE_9^(1) x M32_5^(1) + SE_10^(1) + SE_11^(1) x M32_6^(1) + SE_12^(1)', 'SE_13^(2) x M32_7^(2) + SE_14^(2) + SE_15^(2) x M32_8^(2) + SE_16^(2) + SE_17^(2) x M32_9^(2) + SE_18^(2)', 'SE_19^(3) x M32_10^(3) + SE_20^(3) + SE_21^(3) x M32_11^(3) + SE_22^(3) + SE_23^(3) x M32_12^(3) + SE_24^(3)']",6,,True,False
0,3,10,2,1,['SE_1^(0) x M32_1^(0) + SE_2^(0) + SE_3^(0) x M32_2^(0) + SE_4^(0) + SE_5^(0) x M32_3^(0) + SE_6^(0)'],6,,False,False
0,0,10,2,1,"['SE_1^(0) x M32_1^(0) + SE_2^(0) + SE_3^(0) x M32_2^(0) + SE_4^(0) + SE_5^(0) x M32_3^(0) + SE_6^(0)', 'SE_7^(1) x M32_4^(1) + SE_8^(1) + SE_9^(1) x M32_5^(1) + SE_10^(1) + SE_11^(1) x M32_6^(1) + SE_12^(1)', 'SE_13^(2) x M32_7^(2) + SE_14^(2) + SE_15^(2) x M32_8^(2) + SE_16^(2) + SE_17^(2) x M32_9^(2) + SE_18^(2)', 'SE_19^(3) x M32_10^(3) + SE_20^(3) + SE_21^(3) x M32_11^(3) + SE_22^(3) + SE_23^(3) x M32_12^(3) + SE_24^(3)']",6,,True,False
0,3,10,2,1,['SE_1^(0) x M32_1^(0) + SE_2^(0) + SE_3^(0) x M32_2^(0) + SE_4^(0) + SE_5^(0) x M32_3^(0) + SE_6^(0)'],6,,False,False
0,0,10,2,1,"['SE_1^(0) x M32_1^(0) + SE_2^(0) + SE_3^(0) x M32_2^(0) + SE_4^(0) + SE_5^(0) x M32_3^(0) + SE_6^(0)', 'SE_7^(1) x M32_4^(1) + SE_8^(1) + SE_9^(1) x M32_5^(1) + SE_10^(1) + SE_11^(1) x M32_6^(1) + SE_12^(1)', 'SE_13^(2) x M32_7^(2) + SE_14^(2) + SE_15^(2) x M32_8^(2) + SE_16^(2) + SE_17^(2) x M32_9^(2) + SE_18^(2)', 'SE_19^(3) x M32_10^(3) + SE_20^(3) + SE_21^(3) x M32_11^(3) + SE_22^(3) + SE_23^(3) x M32_12^(3) + SE_24^(3)']",6,,True,False
0,3,10,2,1,['SE_1^(0) x M32_1^(0) + SE_2^(0) + SE_3^(0) x M32_2^(0) + SE_4^(0) + SE_5^(0) x M32_3^(0) + SE_6^(0)'],6,,False,False
0,0,10,2,1,"['SE_1^(0) x M32_1^(0) + SE_2^(0) + SE_3^(0) x M32_2^(0) + SE_4^(0) + SE_5^(0) x M32_3^(0) + SE_6^(0)', 'SE_7^(1) x M32_4^(1) + SE_8^(1) + SE_9^(1) x M32_5^(1) + SE_10^(1) + SE_11^(1) x M32_6^(1) + SE_12^(1)', 'SE_13^(2) x M32_7^(2) + SE_14^(2) + SE_15^(2) x M32_8^(2) + SE_16^(2) + SE_17^(2) x M32_9^(2) + SE_18^(2)', 'SE_19^(3) x M32_10^(3) + SE_20^(3) + SE_21^(3) x M32_11^(3) + SE_22^(3) + SE_23^(3) x M32_12^(3) + SE_24^(3)']",6,,True,False
0,3,10,2,1,['SE_1^(0) x M32_1^(0) + SE_2^(0) + SE_3^(0) x M32_2^(0) + SE_4^(0) + SE_5^(0) x M32_3^(0) + SE_6^(0)'],6,,False,False
0,0,10,2,1,"['SE_1^(0) x M32_1^(0) + SE_2^(0) + SE_3^(0) x M32_2^(0) + SE_4^(0) + SE_5^(0) x M32_3^(0) + SE_6^(0)', 'SE_7^(1) x M32_4^(1) + SE_8^(1) + SE_9^(1) x M32_5^(1) + SE_10^(1) + SE_11^(1) x M32_6^(1) + SE_12^(1)', 'SE_13^(2) x M32_7^(2) + SE_14^(2) + SE_15^(2) x M32_8^(2) + SE_16^(2) + SE_17^(2) x M32_9^(2) + SE_18^(2)', 'SE_19^(3) x M32_10^(3) + SE_20^(3) + SE_21^(3) x M32_11^(3) + SE_22^(3) + SE_23^(3) x M32_12^(3) + SE_24^(3)']",6,,True,False
0,3,10,2,1,['SE_1^(0) x M32_1^(0) + SE_2^(0) + SE_3^(0) x M32_2^(0) + SE_4^(0) + SE_5^(0) x M32_3^(0) + SE_6^(0)'],6,,False,False
0,0,10,2,1,"['SE_1^(0) x M32_1^(0) + SE_2^(0) + SE_3^(0) x M32_2^(0) + SE_4^(0) + SE_5^(0) x M32_3^(0) + SE_6^(0)', 'SE_7^(1) x M32_4^(1) + SE_8^(1) + SE_9^(1) x M32_5^(1) + SE_10^(1) + SE_11^(1) x M32_6^(1) + SE_12^(1)', 'SE_13^(2) x M32_7^(2) + SE_14^(2) + SE_15^(2) x M32_8^(2) + SE_16^(2) + SE_17^(2) x M32_9^(2) + SE_18^(2)', 'SE_19^(3) x M32_10^(3) + SE_20^(3) + SE_21^(3) x M32_11^(3) + SE_22^(3) + SE_23^(3) x M32_12^(3) + SE_24^(3)']",6,,True,False
0,3,10,2,1,['SE_1^(0) x M32_1^(0) + SE_2^(0) + SE_3^(0) x M32_2^(0) + SE_4^(0) + SE_5^(0) x M32_3^(0) + SE_6^(0)'],6,,False,False
0,0,10,2,1,"['SE_1^(0) x M32_1^(0) + SE_2^(0) + SE_3^(0) x M32_2^(0) + SE_4^(0) + SE_5^(0) x M32_3^(0) + SE_6^(0)', 'SE_7^(1) x M32_4^(1) + SE_8^(1) + SE_9^(1) x M32_5^(1) + SE_10^(1) + SE_11^(1) x M32_6^(1) + SE_12^(1)', 'SE_13^(2) x M32_7^(2) + SE_14^(2) + SE_15^(2) x M32_8^(2) + SE_16^(2) + SE_17^(2) x M32_9^(2) + SE_18^(2)', 'SE_19^(3) x M32_10^(3) + SE_20^(3) + SE_21^(3) x M32_11^(3) + SE_22^(3) + SE_23^(3) x M32_12^(3) + SE_24^(3)']",6,,True,False
0,3,10,2,1,['SE_1^(0) x M32_1^(0) + SE_2^(0) + SE_3^(0) x M32_2^(0) + SE_4^(0) + SE_5^(0) x M32_3^(0) + SE_6^(0)'],6,,False,False
0,0,11,2,1,"['SE_1^(0) x PPoly3_1^(0) + SE_2^(0) + SE_3^(0) x PPoly3_2^(0) + SE_4^(0) + SE_5^(0) x PPoly3_3^(0) + SE_6^(0)', 'SE_7^(1) x PPoly3_4^(1) + SE_8^(1) + SE_9^(1) x PPoly3_5^(1) + SE_10^(1) + SE_11^(1) x PPoly3_6^(1) + SE_12^(1)', 'SE_13^(2) x PPoly3_7^(2) + SE_14^(2) + SE_15^(2) x PPoly3_8^(2) + SE_16^(2) + SE_17^(2) x PPoly3_9^(2) + SE_18^(2)', 'SE_19^(3) x PPoly3_10^(3) + SE_20^(3) + SE_21^(3) x PPoly3_11^(3) + SE_22^(3) + SE_23^(3) x PPoly3_12^(3) + SE_24^(3)']",6,,True,False
0,3,11,2,1,['SE_1^(0) x PPoly3_1^(0) + SE_2^(0) + SE_3^(0) x PPoly3_2^(0) + SE_4^(0) + SE_5^(0) x PPoly3_3^(0) + SE_6^(0)'],6,,False,False
0,0,11,2,1,"['SE_1^(0) x PPoly3_1^(0) + SE_2^(0) + SE_3^(0) x PPoly3_2^(0) + SE_4^(0) + SE_5^(0) x PPoly3_3^(0) + SE_6^(0)', 'SE_7^(1) x PPoly3_4^(1) + SE_8^(1) + SE_9^(1) x PPoly3_5^(1) + SE_10^(1) + SE_11^(1) x PPoly3_6^(1) + SE_12^(1)', 'SE_13^(2) x PPoly3_7^(2) + SE_14^(2) + SE_15^(2) x PPoly3_8^(2) + SE_16^(2) + SE_17^(2) x PPoly3_9^(2) + SE_18^(2)', 'SE_19^(3) x PPoly3_10^(3) + SE_20^(3) + SE_21^(3) x PPoly3_11^(3) + SE_22^(3) + SE_23^(3) x PPoly3_12^(3) + SE_24^(3)']",6,,True,False
0,3,11,2,1,['SE_1^(0) x PPoly3_1^(0) + SE_2^(0) + SE_3^(0) x PPoly3_2^(0) + SE_4^(0) + SE_5^(0) x PPoly3_3^(0) + SE_6^(0)'],6,,False,False
0,0,11,2,1,"['SE_1^(0) x PPoly3_1^(0) + SE_2^(0) + SE_3^(0) x PPoly3_2^(0) + SE_4^(0) + SE_5^(0) x PPoly3_3^(0) + SE_6^(0)', 'SE_7^(1) x PPoly3_4^(1) + SE_8^(1) + SE_9^(1) x PPoly3_5^(1) + SE_10^(1) + SE_11^(1) x PPoly3_6^(1) + SE_12^(1)', 'SE_13^(2) x PPoly3_7^(2) + SE_14^(2) + SE_15^(2) x PPoly3_8^(2) + SE_16^(2) + SE_17^(2) x PPoly3_9^(2) + SE_18^(2)', 'SE_19^(3) x PPoly3_10^(3) + SE_20^(3) + SE_21^(3) x PPoly3_11^(3) + SE_22^(3) + SE_23^(3) x PPoly3_12^(3) + SE_24^(3)']",6,,True,False
0,3,11,2,1,['SE_1^(0) x PPoly3_1^(0) + SE_2^(0) + SE_3^(0) x PPoly3_2^(0) + SE_4^(0) + SE_5^(0) x PPoly3_3^(0) + SE_6^(0)'],6,,False,False
0,0,11,2,1,"['SE_1^(0) x PPoly3_1^(0) + SE_2^(0) + SE_3^(0) x PPoly3_2^(0) + SE_4^(0) + SE_5^(0) x PPoly3_3^(0) + SE_6^(0)', 'SE_7^(1) x PPoly3_4^(1) + SE_8^(1) + SE_9^(1) x PPoly3_5^(1) + SE_10^(1) + SE_11^(1) x PPoly3_6^(1) + SE_12^(1)', 'SE_13^(2) x PPoly3_7^(2) + SE_14^(2) + SE_15^(2) x PPoly3_8^(2) + SE_16^(2) + SE_17^(2) x PPoly3_9^(2) + SE_18^(2)', 'SE_19^(3) x PPoly3_10^(3) + SE_20^(3) + SE_21^(3) x PPoly3_11^(3) + SE_22^(3) + SE_23^(3) x PPoly3_12^(3) + SE_24^(3)']",6,,True,False
0,3,11,2,1,['SE_1^(0) x PPoly3_1^(0) + SE_2^(0) + SE_3^(0) x PPoly3_2^(0) + SE_4^(0) + SE_5^(0) x PPoly3_3^(0) + SE_6^(0)'],6,,False,False
0,0,11,2,1,"['SE_1^(0) x PPoly3_1^(0) + SE_2^(0) + SE_3^(0) x PPoly3_2^(0) + SE_4^(0) + SE_5^(0) x PPoly3_3^(0) + SE_6^(0)', 'SE_7^(1) x PPoly3_4^(1) + SE_8^(1) + SE_9^(1) x PPoly3_5^(1) + SE_10^(1) + SE_11^(1) x PPoly3_6^(1) + SE_12^(1)', 'SE_13^(2) x PPoly3_7^(2) + SE_14^(2) + SE_15^(2) x PPoly3_8^(2) + SE_16^(2) + SE_17^(2) x PPoly3_9^(2) + SE_18^(2)', 'SE_19^(3) x PPoly3_10^(3) + SE_20^(3) + SE_21^(3) x PPoly3_11^(3) + SE_22^(3) + SE_23^(3) x PPoly3_12^(3) + SE_24^(3)']",6,,True,False
0,3,11,2,1,['SE_1^(0) x PPoly3_1^(0) + SE_2^(0) + SE_3^(0) x PPoly3_2^(0) + SE_4^(0) + SE_5^(0) x PPoly3_3^(0) + SE_6^(0)'],6,,False,False
0,0,11,2,1,"['SE_1^(0) x PPoly3_1^(0) + SE_2^(0) + SE_3^(0) x PPoly3_2^(0) + SE_4^(0) + SE_5^(0) x PPoly3_3^(0) + SE_6^(0)', 'SE_7^(1) x PPoly3_4^(1) + SE_8^(1) + SE_9^(1) x PPoly3_5^(1) + SE_10^(1) + SE_11^(1) x PPoly3_6^(1) + SE_12^(1)', 'SE_13^(2) x PPoly3_7^(2) + SE_14^(2) + SE_15^(2) x PPoly3_8^(2) + SE_16^(2) + SE_17^(2) x PPoly3_9^(2) + SE_18^(2)', 'SE_19^(3) x PPoly3_10^(3) + SE_20^(3) + SE_21^(3) x PPoly3_11^(3) + SE_22^(3) + SE_23^(3) x PPoly3_12^(3) + SE_24^(3)']",6,,True,False
0,3,11,2,1,['SE_1^(0) x PPoly3_1^(0) + SE_2^(0) + SE_3^(0) x PPoly3_2^(0) + SE_4^(0) + SE_5^(0) x PPoly3_3^(0) + SE_6^(0)'],6,,False,False
0,0,11,2,1,"['SE_1^(0) x PPoly3_1^(0) + SE_2^(0) + SE_3^(0) x PPoly3_2^(0) + SE_4^(0) + SE_5^(0) x PPoly3_3^(0) + SE_6^(0)', 'SE_7^(1) x PPoly3_4^(1) + SE_8^(1) + SE_9^(1) x PPoly3_5^(1) + SE_10^(1) + SE_11^(1) x PPoly3_6^(1) + SE_12^(1)', 'SE_13^(2) x PPoly3_7^(2) + SE_14^(2) + SE_15^(2) x PPoly3_8^(2) + SE_16^(2) + SE_17^(2) x PPoly3_9^(2) + SE_18^(2)', 'SE_19^(3) x PPoly3_10^(3) + SE_20^(3) + SE_21^(3) x PPoly3_11^(3) + SE_22^(3) + SE_23^(3) x PPoly3_12^(3) + SE_24^(3)']",6,,True,False
0,3,11,2,1,['SE_1^(0) x PPoly3_1^(0) + SE_2^(0) + SE_3^(0) x PPoly3_2^(0) + SE_4^(0) + SE_5^(0) x PPoly3_3^(0) + SE_6^(0)'],6,,False,False
0,0,11,2,1,"['SE_1^(0) x PPoly3_1^(0) + SE_2^(0) + SE_3^(0) x PPoly3_2^(0) + SE_4^(0) + SE_5^(0) x PPoly3_3^(0) + SE_6^(0)', 'SE_7^(1) x PPoly3_4^(1) + SE_8^(1) + SE_9^(1) x PPoly3_5^(1) + SE_10^(1) + SE_11^(1) x PPoly3_6^(1) + SE_12^(1)', 'SE_13^(2) x PPoly3_7^(2) + SE_14^(2) + SE_15^(2) x PPoly3_8^(2) + SE_16^(2) + SE_17^(2) x PPoly3_9^(2) + SE_18^(2)', 'SE_19^(3) x PPoly3_10^(3) + SE_20^(3) + SE_21^(3) x PPoly3_11^(3) + SE_22^(3) + SE_23^(3) x PPoly3_12^(3) + SE_24^(3)']",6,,True,False
0,3,11,2,1,['SE_1^(0) x PPoly3_1^(0) + SE_2^(0) + SE_3^(0) x PPoly3_2^(0) + SE_4^(0) + SE_5^(0) x PPoly3_3^(0) + SE_6^(0)'],6,,False,False
0,0,11,2,1,"['SE_1^(0) x PPoly3_1^(0) + SE_2^(0) + SE_3^(0) x PPoly3_2^(0) + SE_4^(0) + SE_5^(0) x PPoly3_3^(0) + SE_6^(0)', 'SE_7^(1) x PPoly3_4^(1) + SE_8^(1) + SE_9^(1) x PPoly3_5^(1) + SE_10^(1) + SE_11^(1) x PPoly3_6^(1) + SE_12^(1)', 'SE_13^(2) x PPoly3_7^(2) + SE_14^(2) + SE_15^(2) x PPoly3_8^(2) + SE_16^(2) + SE_17^(2) x PPoly3_9^(2) + SE_18^(2)', 'SE_19^(3) x PPoly3_10^(3) + SE_20^(3) + SE_21^(3) x PPoly3_11^(3) + SE_22^(3) + SE_23^(3) x PPoly3_12^(3) + SE_24^(3)']",6,,True,False
0,3,11,2,1,['SE_1^(0) x PPoly3_1^(0) + SE_2^(0) + SE_3^(0) x PPoly3_2^(0) + SE_4^(0) + SE_5^(0) x PPoly3_3^(0) + SE_6^(0)'],6,,False,False
0,0,11,2,1,"['SE_1^(0) x PPoly3_1^(0) + SE_2^(0) + SE_3^(0) x PPoly3_2^(0) + SE_4^(0) + SE_5^(0) x PPoly3_3^(0) + SE_6^(0)', 'SE_7^(1) x PPoly3_4^(1) + SE_8^(1) + SE_9^(1) x PPoly3_5^(1) + SE_10^(1) + SE_11^(1) x PPoly3_6^(1) + SE_12^(1)', 'SE_13^(2) x PPoly3_7^(2) + SE_14^(2) + SE_15^(2) x PPoly3_8^(2) + SE_16^(2) + SE_17^(2) x PPoly3_9^(2) + SE_18^(2)', 'SE_19^(3) x PPoly3_10^(3) + SE_20^(3) + SE_21^(3) x PPoly3_11^(3) + SE_22^(3) + SE_23^(3) x PPoly3_12^(3) + SE_24^(3)']",6,,True,False
0,3,11,2,1,['SE_1^(0) x PPoly3_1^(0) + SE_2^(0) + SE_3^(0) x PPoly3_2^(0) + SE_4^(0) + SE_5^(0) x PPoly3_3^(0) + SE_6^(0)'],6,,False,False
0,0,12,2,1,"['SE_1^(0) x M52_1^(0) + SE_2^(0) + SE_3^(0) x M52_2^(0) + SE_4^(0) + SE_5^(0) x M52_3^(0) + SE_6^(0)', 'SE_7^(1) x M52_4^(1) + SE_8^(1) + SE_9^(1) x M52_5^(1) + SE_10^(1) + SE_11^(1) x M52_6^(1) + SE_12^(1)', 'SE_13^(2) x M52_7^(2) + SE_14^(2) + SE_15^(2) x M52_8^(2) + SE_16^(2) + SE_17^(2) x M52_9^(2) + SE_18^(2)', 'SE_19^(3) x M52_10^(3) + SE_20^(3) + SE_21^(3) x M52_11^(3) + SE_22^(3) + SE_23^(3) x M52_12^(3) + SE_24^(3)']",6,,True,False
0,3,12,2,1,['SE_1^(0) x M52_1^(0) + SE_2^(0) + SE_3^(0) x M52_2^(0) + SE_4^(0) + SE_5^(0) x M52_3^(0) + SE_6^(0)'],6,,False,False
0,0,12,2,1,"['SE_1^(0) x M52_1^(0) + SE_2^(0) + SE_3^(0) x M52_2^(0) + SE_4^(0) + SE_5^(0) x M52_3^(0) + SE_6^(0)', 'SE_7^(1) x M52_4^(1) + SE_8^(1) + SE_9^(1) x M52_5^(1) + SE_10^(1) + SE_11^(1) x M52_6^(1) + SE_12^(1)', 'SE_13^(2) x M52_7^(2) + SE_14^(2) + SE_15^(2) x M52_8^(2) + SE_16^(2) + SE_17^(2) x M52_9^(2) + SE_18^(2)', 'SE_19^(3) x M52_10^(3) + SE_20^(3) + SE_21^(3) x M52_11^(3) + SE_22^(3) + SE_23^(3) x M52_12^(3) + SE_24^(3)']",6,,True,False
0,3,12,2,1,['SE_1^(0) x M52_1^(0) + SE_2^(0) + SE_3^(0) x M52_2^(0) + SE_4^(0) + SE_5^(0) x M52_3^(0) + SE_6^(0)'],6,,False,False
0,0,12,2,1,"['SE_1^(0) x M52_1^(0) + SE_2^(0) + SE_3^(0) x M52_2^(0) + SE_4^(0) + SE_5^(0) x M52_3^(0) + SE_6^(0)', 'SE_7^(1) x M52_4^(1) + SE_8^(1) + SE_9^(1) x M52_5^(1) + SE_10^(1) + SE_11^(1) x M52_6^(1) + SE_12^(1)', 'SE_13^(2) x M52_7^(2) + SE_14^(2) + SE_15^(2) x M52_8^(2) + SE_16^(2) + SE_17^(2) x M52_9^(2) + SE_18^(2)', 'SE_19^(3) x M52_10^(3) + SE_20^(3) + SE_21^(3) x M52_11^(3) + SE_22^(3) + SE_23^(3) x M52_12^(3) + SE_24^(3)']",6,,True,False
0,3,12,2,1,['SE_1^(0) x M52_1^(0) + SE_2^(0) + SE_3^(0) x M52_2^(0) + SE_4^(0) + SE_5^(0) x M52_3^(0) + SE_6^(0)'],6,,False,False
0,0,12,2,1,"['SE_1^(0) x M52_1^(0) + SE_2^(0) + SE_3^(0) x M52_2^(0) + SE_4^(0) + SE_5^(0) x M52_3^(0) + SE_6^(0)', 'SE_7^(1) x M52_4^(1) + SE_8^(1) + SE_9^(1) x M52_5^(1) + SE_10^(1) + SE_11^(1) x M52_6^(1) + SE_12^(1)', 'SE_13^(2) x M52_7^(2) + SE_14^(2) + SE_15^(2) x M52_8^(2) + SE_16^(2) + SE_17^(2) x M52_9^(2) + SE_18^(2)', 'SE_19^(3) x M52_10^(3) + SE_20^(3) + SE_21^(3) x M52_11^(3) + SE_22^(3) + SE_23^(3) x M52_12^(3) + SE_24^(3)']",6,,True,False
0,3,12,2,1,['SE_1^(0) x M52_1^(0) + SE_2^(0) + SE_3^(0) x M52_2^(0) + SE_4^(0) + SE_5^(0) x M52_3^(0) + SE_6^(0)'],6,,False,False
0,0,12,2,1,"['SE_1^(0) x M52_1^(0) + SE_2^(0) + SE_3^(0) x M52_2^(0) + SE_4^(0) + SE_5^(0) x M52_3^(0) + SE_6^(0)', 'SE_7^(1) x M52_4^(1) + SE_8^(1) + SE_9^(1) x M52_5^(1) + SE_10^(1) + SE_11^(1) x M52_6^(1) + SE_12^(1)', 'SE_13^(2) x M52_7^(2) + SE_14^(2) + SE_15^(2) x M52_8^(2) + SE_16^(2) + SE_17^(2) x M52_9^(2) + SE_18^(2)', 'SE_19^(3) x M52_10^(3) + SE_20^(3) + SE_21^(3) x M52_11^(3) + SE_22^(3) + SE_23^(3) x M52_12^(3) + SE_24^(3)']",6,,True,False
0,3,12,2,1,['SE_1^(0) x M52_1^(0) + SE_2^(0) + SE_3^(0) x M52_2^(0) + SE_4^(0) + SE_5^(0) x M52_3^(0) + SE_6^(0)'],6,,False,False
0,0,12,2,1,"['SE_1^(0) x M52_1^(0) + SE_2^(0) + SE_3^(0) x M52_2^(0) + SE_4^(0) + SE_5^(0) x M52_3^(0) + SE_6^(0)', 'SE_7^(1) x M52_4^(1) + SE_8^(1) + SE_9^(1) x M52_5^(1) + SE_10^(1) + SE_11^(1) x M52_6^(1) + SE_12^(1)', 'SE_13^(2) x M52_7^(2) + SE_14^(2) + SE_15^(2) x M52_8^(2) + SE_16^(2) + SE_17^(2) x M52_9^(2) + SE_18^(2)', 'SE_19^(3) x M52_10^(3) + SE_20^(3) + SE_21^(3) x M52_11^(3) + SE_22^(3) + SE_23^(3) x M52_12^(3) + SE_24^(3)']",6,,True,False
0,3,12,2,1,['SE_1^(0) x M52_1^(0) + SE_2^(0) + SE_3^(0) x M52_2^(0) + SE_4^(0) + SE_5^(0) x M52_3^(0) + SE_6^(0)'],6,,False,False
0,0,12,2,1,"['SE_1^(0) x M52_1^(0) + SE_2^(0) + SE_3^(0) x M52_2^(0) + SE_4^(0) + SE_5^(0) x M52_3^(0) + SE_6^(0)', 'SE_7^(1) x M52_4^(1) + SE_8^(1) + SE_9^(1) x M52_5^(1) + SE_10^(1) + SE_11^(1) x M52_6^(1) + SE_12^(1)', 'SE_13^(2) x M52_7^(2) + SE_14^(2) + SE_15^(2) x M52_8^(2) + SE_16^(2) + SE_17^(2) x M52_9^(2) + SE_18^(2)', 'SE_19^(3) x M52_10^(3) + SE_20^(3) + SE_21^(3) x M52_11^(3) + SE_22^(3) + SE_23^(3) x M52_12^(3) + SE_24^(3)']",6,,True,False
0,3,12,2,1,['SE_1^(0) x M52_1^(0) + SE_2^(0) + SE_3^(0) x M52_2^(0) + SE_4^(0) + SE_5^(0) x M52_3^(0) + SE_6^(0)'],6,,False,False
0,0,12,2,1,"['SE_1^(0) x M52_1^(0) + SE_2^(0) + SE_3^(0) x M52_2^(0) + SE_4^(0) + SE_5^(0) x M52_3^(0) + SE_6^(0)', 'SE_7^(1) x M52_4^(1) + SE_8^(1) + SE_9^(1) x M52_5^(1) + SE_10^(1) + SE_11^(1) x M52_6^(1) + SE_12^(1)', 'SE_13^(2) x M52_7^(2) + SE_14^(2) + SE_15^(2) x M52_8^(2) + SE_16^(2) + SE_17^(2) x M52_9^(2) + SE_18^(2)', 'SE_19^(3) x M52_10^(3) + SE_20^(3) + SE_21^(3) x M52_11^(3) + SE_22^(3) + SE_23^(3) x M52_12^(3) + SE_24^(3)']",6,,True,False
0,3,12,2,1,['SE_1^(0) x M52_1^(0) + SE_2^(0) + SE_3^(0) x M52_2^(0) + SE_4^(0) + SE_5^(0) x M52_3^(0) + SE_6^(0)'],6,,False,False
0,0,12,2,1,"['SE_1^(0) x M52_1^(0) + SE_2^(0) + SE_3^(0) x M52_2^(0) + SE_4^(0) + SE_5^(0) x M52_3^(0) + SE_6^(0)', 'SE_7^(1) x M52_4^(1) + SE_8^(1) + SE_9^(1) x M52_5^(1) + SE_10^(1) + SE_11^(1) x M52_6^(1) + SE_12^(1)', 'SE_13^(2) x M52_7^(2) + SE_14^(2) + SE_15^(2) x M52_8^(2) + SE_16^(2) + SE_17^(2) x M52_9^(2) + SE_18^(2)', 'SE_19^(3) x M52_10^(3) + SE_20^(3) + SE_21^(3) x M52_11^(3) + SE_22^(3) + SE_23^(3) x M52_12^(3) + SE_24^(3)']",6,,True,False
0,3,12,2,1,['SE_1^(0) x M52_1^(0) + SE_2^(0) + SE_3^(0) x M52_2^(0) + SE_4^(0) + SE_5^(0) x M52_3^(0) + SE_6^(0)'],6,,False,False
0,0,12,2,1,"['SE_1^(0) x M52_1^(0) + SE_2^(0) + SE_3^(0) x M52_2^(0) + SE_4^(0) + SE_5^(0) x M52_3^(0) + SE_6^(0)', 'SE_7^(1) x M52_4^(1) + SE_8^(1) + SE_9^(1) x M52_5^(1) + SE_10^(1) + SE_11^(1) x M52_6^(1) + SE_12^(1)', 'SE_13^(2) x M52_7^(2) + SE_14^(2) + SE_15^(2) x M52_8^(2) + SE_16^(2) + SE_17^(2) x M52_9^(2) + SE_18^(2)', 'SE_19^(3) x M52_10^(3) + SE_20^(3) + SE_21^(3) x M52_11^(3) + SE_22^(3) + SE_23^(3) x M52_12^(3) + SE_24^(3)']",6,,True,False
0,3,12,2,1,['SE_1^(0) x M52_1^(0) + SE_2^(0) + SE_3^(0) x M52_2^(0) + SE_4^(0) + SE_5^(0) x M52_3^(0) + SE_6^(0)'],6,,False,False
0,0,13,2,1,"['SE_1^(0) x PPoly2_1^(0) + SE_2^(0) x PPoly2_2^(0) + SE_3^(0) x PPoly2_3^(0) + SE_4^(0) x PPoly2_4^(0) + SE_5^(0) x PPoly2_5^(0) + SE_6^(0) x PPoly2_6^(0)', 'SE_7^(1) x PPoly2_7^(1) + SE_8^(1) x PPoly2_8^(1) + SE_9^(1) x PPoly2_9^(1) + SE_10^(1) x PPoly2_10^(1) + SE_11^(1) x PPoly2_11^(1) + SE_12^(1) x PPoly2_12^(1)', 'SE_13^(2) x PPoly2_13^(2) + SE_14^(2) x PPoly2_14^(2) + SE_15^(2) x PPoly2_15^(2) + SE_16^(2) x PPoly2_16^(2) + SE_17^(2) x PPoly2_17^(2) + SE_18^(2) x PPoly2_18^(2)', 'SE_19^(3) x PPoly2_19^(3) + SE_20^(3) x PPoly2_20^(3) + SE_21^(3) x PPoly2_21^(3) + SE_22^(3) x PPoly2_22^(3) + SE_23^(3) x PPoly2_23^(3) + SE_24^(3) x PPoly2_24^(3)']",6,,True,False
0,3,13,2,1,['SE_1^(0) x PPoly2_1^(0) + SE_2^(0) x PPoly2_2^(0) + SE_3^(0) x PPoly2_3^(0) + SE_4^(0) x PPoly2_4^(0) + SE_5^(0) x PPoly2_5^(0) + SE_6^(0) x PPoly2_6^(0)'],6,,False,False
0,0,13,2,1,"['SE_1^(0) x PPoly2_1^(0) + SE_2^(0) x PPoly2_2^(0) + SE_3^(0) x PPoly2_3^(0) + SE_4^(0) x PPoly2_4^(0) + SE_5^(0) x PPoly2_5^(0) + SE_6^(0) x PPoly2_6^(0)', 'SE_7^(1) x PPoly2_7^(1) + SE_8^(1) x PPoly2_8^(1) + SE_9^(1) x PPoly2_9^(1) + SE_10^(1) x PPoly2_10^(1) + SE_11^(1) x PPoly2_11^(1) + SE_12^(1) x PPoly2_12^(1)', 'SE_13^(2) x PPoly2_13^(2) + SE_14^(2) x PPoly2_14^(2) + SE_15^(2) x PPoly2_15^(2) + SE_16^(2) x PPoly2_16^(2) + SE_17^(2) x PPoly2_17^(2) + SE_18^(2) x PPoly2_18^(2)', 'SE_19^(3) x PPoly2_19^(3) + SE_20^(3) x PPoly2_20^(3) + SE_21^(3) x PPoly2_21^(3) + SE_22^(3) x PPoly2_22^(3) + SE_23^(3) x PPoly2_23^(3) + SE_24^(3) x PPoly2_24^(3)']",6,,True,False
0,3,13,2,1,['SE_1^(0) x PPoly2_1^(0) + SE_2^(0) x PPoly2_2^(0) + SE_3^(0) x PPoly2_3^(0) + SE_4^(0) x PPoly2_4^(0) + SE_5^(0) x PPoly2_5^(0) + SE_6^(0) x PPoly2_6^(0)'],6,,False,False
0,0,13,2,1,"['SE_1^(0) x PPoly2_1^(0) + SE_2^(0) x PPoly2_2^(0) + SE_3^(0) x PPoly2_3^(0) + SE_4^(0) x PPoly2_4^(0) + SE_5^(0) x PPoly2_5^(0) + SE_6^(0) x PPoly2_6^(0)', 'SE_7^(1) x PPoly2_7^(1) + SE_8^(1) x PPoly2_8^(1) + SE_9^(1) x PPoly2_9^(1) + SE_10^(1) x PPoly2_10^(1) + SE_11^(1) x PPoly2_11^(1) + SE_12^(1) x PPoly2_12^(1)', 'SE_13^(2) x PPoly2_13^(2) + SE_14^(2) x PPoly2_14^(2) + SE_15^(2) x PPoly2_15^(2) + SE_16^(2) x PPoly2_16^(2) + SE_17^(2) x PPoly2_17^(2) + SE_18^(2) x PPoly2_18^(2)', 'SE_19^(3) x PPoly2_19^(3) + SE_20^(3) x PPoly2_20^(3) + SE_21^(3) x PPoly2_21^(3) + SE_22^(3) x PPoly2_22^(3) + SE_23^(3) x PPoly2_23^(3) + SE_24^(3) x PPoly2_24^(3)']",6,,True,False
0,3,13,2,1,['SE_1^(0) x PPoly2_1^(0) + SE_2^(0) x PPoly2_2^(0) + SE_3^(0) x PPoly2_3^(0) + SE_4^(0) x PPoly2_4^(0) + SE_5^(0) x PPoly2_5^(0) + SE_6^(0) x PPoly2_6^(0)'],6,,False,False
0,0,13,2,1,"['SE_1^(0) x PPoly2_1^(0) + SE_2^(0) x PPoly2_2^(0) + SE_3^(0) x PPoly2_3^(0) + SE_4^(0) x PPoly2_4^(0) + SE_5^(0) x PPoly2_5^(0) + SE_6^(0) x PPoly2_6^(0)', 'SE_7^(1) x PPoly2_7^(1) + SE_8^(1) x PPoly2_8^(1) + SE_9^(1) x PPoly2_9^(1) + SE_10^(1) x PPoly2_10^(1) + SE_11^(1) x PPoly2_11^(1) + SE_12^(1) x PPoly2_12^(1)', 'SE_13^(2) x PPoly2_13^(2) + SE_14^(2) x PPoly2_14^(2) + SE_15^(2) x PPoly2_15^(2) + SE_16^(2) x PPoly2_16^(2) + SE_17^(2) x PPoly2_17^(2) + SE_18^(2) x PPoly2_18^(2)', 'SE_19^(3) x PPoly2_19^(3) + SE_20^(3) x PPoly2_20^(3) + SE_21^(3) x PPoly2_21^(3) + SE_22^(3) x PPoly2_22^(3) + SE_23^(3) x PPoly2_23^(3) + SE_24^(3) x PPoly2_24^(3)']",6,,True,False
0,3,13,2,1,['SE_1^(0) x PPoly2_1^(0) + SE_2^(0) x PPoly2_2^(0) + SE_3^(0) x PPoly2_3^(0) + SE_4^(0) x PPoly2_4^(0) + SE_5^(0) x PPoly2_5^(0) + SE_6^(0) x PPoly2_6^(0)'],6,,False,False
0,0,13,2,1,"['SE_1^(0) x PPoly2_1^(0) + SE_2^(0) x PPoly2_2^(0) + SE_3^(0) x PPoly2_3^(0) + SE_4^(0) x PPoly2_4^(0) + SE_5^(0) x PPoly2_5^(0) + SE_6^(0) x PPoly2_6^(0)', 'SE_7^(1) x PPoly2_7^(1) + SE_8^(1) x PPoly2_8^(1) + SE_9^(1) x PPoly2_9^(1) + SE_10^(1) x PPoly2_10^(1) + SE_11^(1) x PPoly2_11^(1) + SE_12^(1) x PPoly2_12^(1)', 'SE_13^(2) x PPoly2_13^(2) + SE_14^(2) x PPoly2_14^(2) + SE_15^(2) x PPoly2_15^(2) + SE_16^(2) x PPoly2_16^(2) + SE_17^(2) x PPoly2_17^(2) + SE_18^(2) x PPoly2_18^(2)', 'SE_19^(3) x PPoly2_19^(3) + SE_20^(3) x PPoly2_20^(3) + SE_21^(3) x PPoly2_21^(3) + SE_22^(3) x PPoly2_22^(3) + SE_23^(3) x PPoly2_23^(3) + SE_24^(3) x PPoly2_24^(3)']",6,,True,False
0,3,13,2,1,['SE_1^(0) x PPoly2_1^(0) + SE_2^(0) x PPoly2_2^(0) + SE_3^(0) x PPoly2_3^(0) + SE_4^(0) x PPoly2_4^(0) + SE_5^(0) x PPoly2_5^(0) + SE_6^(0) x PPoly2_6^(0)'],6,,False,False
0,0,13,2,1,"['SE_1^(0) x PPoly2_1^(0) + SE_2^(0) x PPoly2_2^(0) + SE_3^(0) x PPoly2_3^(0) + SE_4^(0) x PPoly2_4^(0) + SE_5^(0) x PPoly2_5^(0) + SE_6^(0) x PPoly2_6^(0)', 'SE_7^(1) x PPoly2_7^(1) + SE_8^(1) x PPoly2_8^(1) + SE_9^(1) x PPoly2_9^(1) + SE_10^(1) x PPoly2_10^(1) + SE_11^(1) x PPoly2_11^(1) + SE_12^(1) x PPoly2_12^(1)', 'SE_13^(2) x PPoly2_13^(2) + SE_14^(2) x PPoly2_14^(2) + SE_15^(2) x PPoly2_15^(2) + SE_16^(2) x PPoly2_16^(2) + SE_17^(2) x PPoly2_17^(2) + SE_18^(2) x PPoly2_18^(2)', 'SE_19^(3) x PPoly2_19^(3) + SE_20^(3) x PPoly2_20^(3) + SE_21^(3) x PPoly2_21^(3) + SE_22^(3) x PPoly2_22^(3) + SE_23^(3) x PPoly2_23^(3) + SE_24^(3) x PPoly2_24^(3)']",6,,True,False
0,3,13,2,1,['SE_1^(0) x PPoly2_1^(0) + SE_2^(0) x PPoly2_2^(0) + SE_3^(0) x PPoly2_3^(0) + SE_4^(0) x PPoly2_4^(0) + SE_5^(0) x PPoly2_5^(0) + SE_6^(0) x PPoly2_6^(0)'],6,,False,False
0,0,13,2,1,"['SE_1^(0) x PPoly2_1^(0) + SE_2^(0) x PPoly2_2^(0) + SE_3^(0) x PPoly2_3^(0) + SE_4^(0) x PPoly2_4^(0) + SE_5^(0) x PPoly2_5^(0) + SE_6^(0) x PPoly2_6^(0)', 'SE_7^(1) x PPoly2_7^(1) + SE_8^(1) x PPoly2_8^(1) + SE_9^(1) x PPoly2_9^(1) + SE_10^(1) x PPoly2_10^(1) + SE_11^(1) x PPoly2_11^(1) + SE_12^(1) x PPoly2_12^(1)', 'SE_13^(2) x PPoly2_13^(2) + SE_14^(2) x PPoly2_14^(2) + SE_15^(2) x PPoly2_15^(2) + SE_16^(2) x PPoly2_16^(2) + SE_17^(2) x PPoly2_17^(2) + SE_18^(2) x PPoly2_18^(2)', 'SE_19^(3) x PPoly2_19^(3) + SE_20^(3) x PPoly2_20^(3) + SE_21^(3) x PPoly2_21^(3) + SE_22^(3) x PPoly2_22^(3) + SE_23^(3) x PPoly2_23^(3) + SE_24^(3) x PPoly2_24^(3)']",6,,True,False
0,3,13,2,1,['SE_1^(0) x PPoly2_1^(0) + SE_2^(0) x PPoly2_2^(0) + SE_3^(0) x PPoly2_3^(0) + SE_4^(0) x PPoly2_4^(0) + SE_5^(0) x PPoly2_5^(0) + SE_6^(0) x PPoly2_6^(0)'],6,,False,False
0,0,13,2,1,"['SE_1^(0) x PPoly2_1^(0) + SE_2^(0) x PPoly2_2^(0) + SE_3^(0) x PPoly2_3^(0) + SE_4^(0) x PPoly2_4^(0) + SE_5^(0) x PPoly2_5^(0) + SE_6^(0) x PPoly2_6^(0)', 'SE_7^(1) x PPoly2_7^(1) + SE_8^(1) x PPoly2_8^(1) + SE_9^(1) x PPoly2_9^(1) + SE_10^(1) x PPoly2_10^(1) + SE_11^(1) x PPoly2_11^(1) + SE_12^(1) x PPoly2_12^(1)', 'SE_13^(2) x PPoly2_13^(2) + SE_14^(2) x PPoly2_14^(2) + SE_15^(2) x PPoly2_15^(2) + SE_16^(2) x PPoly2_16^(2) + SE_17^(2) x PPoly2_17^(2) + SE_18^(2) x PPoly2_18^(2)', 'SE_19^(3) x PPoly2_19^(3) + SE_20^(3) x PPoly2_20^(3) + SE_21^(3) x PPoly2_21^(3) + SE_22^(3) x PPoly2_22^(3) + SE_23^(3) x PPoly2_23^(3) + SE_24^(3) x PPoly2_24^(3)']",6,,True,False
0,3,13,2,1,['SE_1^(0) x PPoly2_1^(0) + SE_2^(0) x PPoly2_2^(0) + SE_3^(0) x PPoly2_3^(0) + SE_4^(0) x PPoly2_4^(0) + SE_5^(0) x PPoly2_5^(0) + SE_6^(0) x PPoly2_6^(0)'],6,,False,False
0,0,13,2,1,"['SE_1^(0) x PPoly2_1^(0) + SE_2^(0) x PPoly2_2^(0) + SE_3^(0) x PPoly2_3^(0) + SE_4^(0) x PPoly2_4^(0) + SE_5^(0) x PPoly2_5^(0) + SE_6^(0) x PPoly2_6^(0)', 'SE_7^(1) x PPoly2_7^(1) + SE_8^(1) x PPoly2_8^(1) + SE_9^(1) x PPoly2_9^(1) + SE_10^(1) x PPoly2_10^(1) + SE_11^(1) x PPoly2_11^(1) + SE_12^(1) x PPoly2_12^(1)', 'SE_13^(2) x PPoly2_13^(2) + SE_14^(2) x PPoly2_14^(2) + SE_15^(2) x PPoly2_15^(2) + SE_16^(2) x PPoly2_16^(2) + SE_17^(2) x PPoly2_17^(2) + SE_18^(2) x PPoly2_18^(2)', 'SE_19^(3) x PPoly2_19^(3) + SE_20^(3) x PPoly2_20^(3) + SE_21^(3) x PPoly2_21^(3) + SE_22^(3) x PPoly2_22^(3) + SE_23^(3) x PPoly2_23^(3) + SE_24^(3) x PPoly2_24^(3)']",6,,True,False
0,3,13,2,1,['SE_1^(0) x PPoly2_1^(0) + SE_2^(0) x PPoly2_2^(0) + SE_3^(0) x PPoly2_3^(0) + SE_4^(0) x PPoly2_4^(0) + SE_5^(0) x PPoly2_5^(0) + SE_6^(0) x PPoly2_6^(0)'],6,,False,False
0,0,13,2,1,"['SE_1^(0) x PPoly2_1^(0) + SE_2^(0) x PPoly2_2^(0) + SE_3^(0) x PPoly2_3^(0) + SE_4^(0) x PPoly2_4^(0) + SE_5^(0) x PPoly2_5^(0) + SE_6^(0) x PPoly2_6^(0)', 'SE_7^(1) x PPoly2_7^(1) + SE_8^(1) x PPoly2_8^(1) + SE_9^(1) x PPoly2_9^(1) + SE_10^(1) x PPoly2_10^(1) + SE_11^(1) x PPoly2_11^(1) + SE_12^(1) x PPoly2_12^(1)', 'SE_13^(2) x PPoly2_13^(2) + SE_14^(2) x PPoly2_14^(2) + SE_15^(2) x PPoly2_15^(2) + SE_16^(2) x PPoly2_16^(2) + SE_17^(2) x PPoly2_17^(2) + SE_18^(2) x PPoly2_18^(2)', 'SE_19^(3) x PPoly2_19^(3) + SE_20^(3) x PPoly2_20^(3) + SE_21^(3) x PPoly2_21^(3) + SE_22^(3) x PPoly2_22^(3) + SE_23^(3) x PPoly2_23^(3) + SE_24^(3) x PPoly2_24^(3)']",6,,True,False
0,3,13,2,1,['SE_1^(0) x PPoly2_1^(0) + SE_2^(0) x PPoly2_2^(0) + SE_3^(0) x PPoly2_3^(0) + SE_4^(0) x PPoly2_4^(0) + SE_5^(0) x PPoly2_5^(0) + SE_6^(0) x PPoly2_6^(0)'],6,,False,False
0,0,14,2,1,"['SE_1^(0) x M32_1^(0) + SE_2^(0) x M32_2^(0) + SE_3^(0) x M32_3^(0) + SE_4^(0) x M32_4^(0) + SE_5^(0) x M32_5^(0) + SE_6^(0) x M32_6^(0)', 'SE_7^(1) x M32_7^(1) + SE_8^(1) x M32_8^(1) + SE_9^(1) x M32_9^(1) + SE_10^(1) x M32_10^(1) + SE_11^(1) x M32_11^(1) + SE_12^(1) x M32_12^(1)', 'SE_13^(2) x M32_13^(2) + SE_14^(2) x M32_14^(2) + SE_15^(2) x M32_15^(2) + SE_16^(2) x M32_16^(2) + SE_17^(2) x M32_17^(2) + SE_18^(2) x M32_18^(2)', 'SE_19^(3) x M32_19^(3) + SE_20^(3) x M32_20^(3) + SE_21^(3) x M32_21^(3) + SE_22^(3) x M32_22^(3) + SE_23^(3) x M32_23^(3) + SE_24^(3) x M32_24^(3)']",6,,True,False
0,3,14,2,1,['SE_1^(0) x M32_1^(0) + SE_2^(0) x M32_2^(0) + SE_3^(0) x M32_3^(0) + SE_4^(0) x M32_4^(0) + SE_5^(0) x M32_5^(0) + SE_6^(0) x M32_6^(0)'],6,,False,False
0,0,14,2,1,"['SE_1^(0) x M32_1^(0) + SE_2^(0) x M32_2^(0) + SE_3^(0) x M32_3^(0) + SE_4^(0) x M32_4^(0) + SE_5^(0) x M32_5^(0) + SE_6^(0) x M32_6^(0)', 'SE_7^(1) x M32_7^(1) + SE_8^(1) x M32_8^(1) + SE_9^(1) x M32_9^(1) + SE_10^(1) x M32_10^(1) + SE_11^(1) x M32_11^(1) + SE_12^(1) x M32_12^(1)', 'SE_13^(2) x M32_13^(2) + SE_14^(2) x M32_14^(2) + SE_15^(2) x M32_15^(2) + SE_16^(2) x M32_16^(2) + SE_17^(2) x M32_17^(2) + SE_18^(2) x M32_18^(2)', 'SE_19^(3) x M32_19^(3) + SE_20^(3) x M32_20^(3) + SE_21^(3) x M32_21^(3) + SE_22^(3) x M32_22^(3) + SE_23^(3) x M32_23^(3) + SE_24^(3) x M32_24^(3)']",6,,True,False
0,3,14,2,1,['SE_1^(0) x M32_1^(0) + SE_2^(0) x M32_2^(0) + SE_3^(0) x M32_3^(0) + SE_4^(0) x M32_4^(0) + SE_5^(0) x M32_5^(0) + SE_6^(0) x M32_6^(0)'],6,,False,False
0,0,14,2,1,"['SE_1^(0) x M32_1^(0) + SE_2^(0) x M32_2^(0) + SE_3^(0) x M32_3^(0) + SE_4^(0) x M32_4^(0) + SE_5^(0) x M32_5^(0) + SE_6^(0) x M32_6^(0)', 'SE_7^(1) x M32_7^(1) + SE_8^(1) x M32_8^(1) + SE_9^(1) x M32_9^(1) + SE_10^(1) x M32_10^(1) + SE_11^(1) x M32_11^(1) + SE_12^(1) x M32_12^(1)', 'SE_13^(2) x M32_13^(2) + SE_14^(2) x M32_14^(2) + SE_15^(2) x M32_15^(2) + SE_16^(2) x M32_16^(2) + SE_17^(2) x M32_17^(2) + SE_18^(2) x M32_18^(2)', 'SE_19^(3) x M32_19^(3) + SE_20^(3) x M32_20^(3) + SE_21^(3) x M32_21^(3) + SE_22^(3) x M32_22^(3) + SE_23^(3) x M32_23^(3) + SE_24^(3) x M32_24^(3)']",6,,True,False
0,3,14,2,1,['SE_1^(0) x M32_1^(0) + SE_2^(0) x M32_2^(0) + SE_3^(0) x M32_3^(0) + SE_4^(0) x M32_4^(0) + SE_5^(0) x M32_5^(0) + SE_6^(0) x M32_6^(0)'],6,,False,False
0,0,14,2,1,"['SE_1^(0) x M32_1^(0) + SE_2^(0) x M32_2^(0) + SE_3^(0) x M32_3^(0) + SE_4^(0) x M32_4^(0) + SE_5^(0) x M32_5^(0) + SE_6^(0) x M32_6^(0)', 'SE_7^(1) x M32_7^(1) + SE_8^(1) x M32_8^(1) + SE_9^(1) x M32_9^(1) + SE_10^(1) x M32_10^(1) + SE_11^(1) x M32_11^(1) + SE_12^(1) x M32_12^(1)', 'SE_13^(2) x M32_13^(2) + SE_14^(2) x M32_14^(2) + SE_15^(2) x M32_15^(2) + SE_16^(2) x M32_16^(2) + SE_17^(2) x M32_17^(2) + SE_18^(2) x M32_18^(2)', 'SE_19^(3) x M32_19^(3) + SE_20^(3) x M32_20^(3) + SE_21^(3) x M32_21^(3) + SE_22^(3) x M32_22^(3) + SE_23^(3) x M32_23^(3) + SE_24^(3) x M32_24^(3)']",6,,True,False
0,3,14,2,1,['SE_1^(0) x M32_1^(0) + SE_2^(0) x M32_2^(0) + SE_3^(0) x M32_3^(0) + SE_4^(0) x M32_4^(0) + SE_5^(0) x M32_5^(0) + SE_6^(0) x M32_6^(0)'],6,,False,False
0,0,14,2,1,"['SE_1^(0) x M32_1^(0) + SE_2^(0) x M32_2^(0) + SE_3^(0) x M32_3^(0) + SE_4^(0) x M32_4^(0) + SE_5^(0) x M32_5^(0) + SE_6^(0) x M32_6^(0)', 'SE_7^(1) x M32_7^(1) + SE_8^(1) x M32_8^(1) + SE_9^(1) x M32_9^(1) + SE_10^(1) x M32_10^(1) + SE_11^(1) x M32_11^(1) + SE_12^(1) x M32_12^(1)', 'SE_13^(2) x M32_13^(2) + SE_14^(2) x M32_14^(2) + SE_15^(2) x M32_15^(2) + SE_16^(2) x M32_16^(2) + SE_17^(2) x M32_17^(2) + SE_18^(2) x M32_18^(2)', 'SE_19^(3) x M32_19^(3) + SE_20^(3) x M32_20^(3) + SE_21^(3) x M32_21^(3) + SE_22^(3) x M32_22^(3) + SE_23^(3) x M32_23^(3) + SE_24^(3) x M32_24^(3)']",6,,True,False
0,3,14,2,1,['SE_1^(0) x M32_1^(0) + SE_2^(0) x M32_2^(0) + SE_3^(0) x M32_3^(0) + SE_4^(0) x M32_4^(0) + SE_5^(0) x M32_5^(0) + SE_6^(0) x M32_6^(0)'],6,,False,False
